ProductID,Name,ProductNumber,Color,OrderQty,UnitPrice,TolPricePOder,TolOrderQty,AmountPrice
709,"Mountain Bike Socks, M",SO-B909-M,White,4,5.7,22.8,5217,30029.4258
709,"Mountain Bike Socks, M",SO-B909-M,White,6,5.7,34.2,5217,30029.4258
709,"Mountain Bike Socks, M",SO-B909-M,White,6,5.7,34.2,5217,30029.4258
709,"Mountain Bike Socks, M",SO-B909-M,White,2,5.7,11.4,5217,30029.4258
709,"Mountain Bike Socks, M",SO-B909-M,White,2,5.7,11.4,5217,30029.4258
709,"Mountain Bike Socks, M",SO-B909-M,White,2,5.7,11.4,5217,30029.4258
709,"Mountain Bike Socks, M",SO-B909-M,White,4,5.7,22.8,5217,30029.4258
709,"Mountain Bike Socks, M",SO-B909-M,White,2,5.7,11.4,5217,30029.4258
709,"Mountain Bike Socks, M",SO-B909-M,White,2,5.7,11.4,5217,30029.4258
709,"Mountain Bike Socks, M",SO-B909-M,White,2,5.7,11.4,5217,30029.4258
709,"Mountain Bike Socks, M",SO-B909-M,White,5,5.7,28.5,5217,30029.4258
709,"Mountain Bike Socks, M",SO-B909-M,White,21,5.225,109.725,5217,30029.4258
709,"Mountain Bike Socks, M",SO-B909-M,White,4,5.7,22.8,5217,30029.4258
709,"Mountain Bike Socks, M",SO-B909-M,White,6,5.7,34.2,5217,30029.4258
709,"Mountain Bike Socks, M",SO-B909-M,White,6,5.7,34.2,5217,30029.4258
709,"Mountain Bike Socks, M",SO-B909-M,White,2,5.7,11.4,5217,30029.4258
709,"Mountain Bike Socks, M",SO-B909-M,White,6,5.7,34.2,5217,30029.4258
709,"Mountain Bike Socks, M",SO-B909-M,White,8,5.7,45.6,5217,30029.4258
709,"Mountain Bike Socks, M",SO-B909-M,White,4,5.7,22.8,5217,30029.4258
709,"Mountain Bike Socks, M",SO-B909-M,White,8,5.7,45.6,5217,30029.4258
709,"Mountain Bike Socks, M",SO-B909-M,White,5,5.7,28.5,5217,30029.4258
709,"Mountain Bike Socks, M",SO-B909-M,White,6,5.7,34.2,5217,30029.4258
709,"Mountain Bike Socks, M",SO-B909-M,White,26,4.75,123.5,5217,30029.4258
709,"Mountain Bike Socks, M",SO-B909-M,White,2,5.7,11.4,5217,30029.4258
709,"Mountain Bike Socks, M",SO-B909-M,White,5,5.7,28.5,5217,30029.4258
709,"Mountain Bike Socks, M",SO-B909-M,White,4,5.7,22.8,5217,30029.4258
709,"Mountain Bike Socks, M",SO-B909-M,White,2,5.7,11.4,5217,30029.4258
709,"Mountain Bike Socks, M",SO-B909-M,White,4,5.7,22.8,5217,30029.4258
709,"Mountain Bike Socks, M",SO-B909-M,White,8,5.7,45.6,5217,30029.4258
709,"Mountain Bike Socks, M",SO-B909-M,White,10,5.7,57.0,5217,30029.4258
709,"Mountain Bike Socks, M",SO-B909-M,White,2,5.7,11.4,5217,30029.4258
709,"Mountain Bike Socks, M",SO-B909-M,White,2,5.7,11.4,5217,30029.4258
709,"Mountain Bike Socks, M",SO-B909-M,White,10,5.7,57.0,5217,30029.4258
709,"Mountain Bike Socks, M",SO-B909-M,White,22,5.225,114.95,5217,30029.4258
709,"Mountain Bike Socks, M",SO-B909-M,White,6,5.7,34.2,5217,30029.4258
709,"Mountain Bike Socks, M",SO-B909-M,White,2,5.7,11.4,5217,30029.4258
709,"Mountain Bike Socks, M",SO-B909-M,White,2,5.7,11.4,5217,30029.4258
709,"Mountain Bike Socks, M",SO-B909-M,White,6,5.7,34.2,5217,30029.4258
709,"Mountain Bike Socks, M",SO-B909-M,White,6,5.7,34.2,5217,30029.4258
709,"Mountain Bike Socks, M",SO-B909-M,White,2,5.7,11.4,5217,30029.4258
709,"Mountain Bike Socks, M",SO-B909-M,White,5,5.7,28.5,5217,30029.4258
709,"Mountain Bike Socks, M",SO-B909-M,White,6,5.7,34.2,5217,30029.4258
709,"Mountain Bike Socks, M",SO-B909-M,White,6,5.7,34.2,5217,30029.4258
709,"Mountain Bike Socks, M",SO-B909-M,White,23,5.225,120.175,5217,30029.4258
709,"Mountain Bike Socks, M",SO-B909-M,White,12,5.51,66.12,5217,30029.4258
709,"Mountain Bike Socks, M",SO-B909-M,White,3,5.7,17.1,5217,30029.4258
709,"Mountain Bike Socks, M",SO-B909-M,White,3,5.7,17.1,5217,30029.4258
709,"Mountain Bike Socks, M",SO-B909-M,White,18,5.225,94.05,5217,30029.4258
709,"Mountain Bike Socks, M",SO-B909-M,White,6,5.7,34.2,5217,30029.4258
709,"Mountain Bike Socks, M",SO-B909-M,White,11,5.51,60.61,5217,30029.4258
709,"Mountain Bike Socks, M",SO-B909-M,White,3,5.7,17.1,5217,30029.4258
709,"Mountain Bike Socks, M",SO-B909-M,White,6,5.7,34.2,5217,30029.4258
709,"Mountain Bike Socks, M",SO-B909-M,White,3,5.7,17.1,5217,30029.4258
709,"Mountain Bike Socks, M",SO-B909-M,White,18,5.225,94.05,5217,30029.4258
709,"Mountain Bike Socks, M",SO-B909-M,White,6,5.7,34.2,5217,30029.4258
709,"Mountain Bike Socks, M",SO-B909-M,White,3,5.7,17.1,5217,30029.4258
709,"Mountain Bike Socks, M",SO-B909-M,White,2,5.7,11.4,5217,30029.4258
709,"Mountain Bike Socks, M",SO-B909-M,White,3,5.7,17.1,5217,30029.4258
709,"Mountain Bike Socks, M",SO-B909-M,White,11,5.51,60.61,5217,30029.4258
709,"Mountain Bike Socks, M",SO-B909-M,White,12,5.51,66.12,5217,30029.4258
709,"Mountain Bike Socks, M",SO-B909-M,White,12,5.51,66.12,5217,30029.4258
709,"Mountain Bike Socks, M",SO-B909-M,White,3,5.7,17.1,5217,30029.4258
709,"Mountain Bike Socks, M",SO-B909-M,White,3,5.7,17.1,5217,30029.4258
709,"Mountain Bike Socks, M",SO-B909-M,White,6,5.7,34.2,5217,30029.4258
709,"Mountain Bike Socks, M",SO-B909-M,White,8,5.7,45.6,5217,30029.4258
709,"Mountain Bike Socks, M",SO-B909-M,White,3,5.7,17.1,5217,30029.4258
709,"Mountain Bike Socks, M",SO-B909-M,White,15,5.225,78.375,5217,30029.4258
709,"Mountain Bike Socks, M",SO-B909-M,White,3,5.7,17.1,5217,30029.4258
709,"Mountain Bike Socks, M",SO-B909-M,White,2,5.7,11.4,5217,30029.4258
709,"Mountain Bike Socks, M",SO-B909-M,White,5,5.7,28.5,5217,30029.4258
709,"Mountain Bike Socks, M",SO-B909-M,White,4,5.7,22.8,5217,30029.4258
709,"Mountain Bike Socks, M",SO-B909-M,White,2,5.7,11.4,5217,30029.4258
709,"Mountain Bike Socks, M",SO-B909-M,White,4,5.7,22.8,5217,30029.4258
709,"Mountain Bike Socks, M",SO-B909-M,White,8,5.7,45.6,5217,30029.4258
709,"Mountain Bike Socks, M",SO-B909-M,White,5,5.7,28.5,5217,30029.4258
709,"Mountain Bike Socks, M",SO-B909-M,White,4,5.7,22.8,5217,30029.4258
709,"Mountain Bike Socks, M",SO-B909-M,White,9,5.7,51.3,5217,30029.4258
709,"Mountain Bike Socks, M",SO-B909-M,White,2,5.7,11.4,5217,30029.4258
709,"Mountain Bike Socks, M",SO-B909-M,White,2,5.7,11.4,5217,30029.4258
709,"Mountain Bike Socks, M",SO-B909-M,White,2,5.7,11.4,5217,30029.4258
709,"Mountain Bike Socks, M",SO-B909-M,White,2,5.7,11.4,5217,30029.4258
709,"Mountain Bike Socks, M",SO-B909-M,White,4,5.7,22.8,5217,30029.4258
709,"Mountain Bike Socks, M",SO-B909-M,White,6,5.7,34.2,5217,30029.4258
709,"Mountain Bike Socks, M",SO-B909-M,White,10,5.7,57.0,5217,30029.4258
709,"Mountain Bike Socks, M",SO-B909-M,White,6,5.7,34.2,5217,30029.4258
709,"Mountain Bike Socks, M",SO-B909-M,White,2,5.7,11.4,5217,30029.4258
709,"Mountain Bike Socks, M",SO-B909-M,White,3,5.7,17.1,5217,30029.4258
709,"Mountain Bike Socks, M",SO-B909-M,White,4,5.7,22.8,5217,30029.4258
709,"Mountain Bike Socks, M",SO-B909-M,White,19,5.225,99.275,5217,30029.4258
709,"Mountain Bike Socks, M",SO-B909-M,White,2,5.7,11.4,5217,30029.4258
709,"Mountain Bike Socks, M",SO-B909-M,White,10,5.7,57.0,5217,30029.4258
709,"Mountain Bike Socks, M",SO-B909-M,White,1,5.7,5.7,5217,30029.4258
709,"Mountain Bike Socks, M",SO-B909-M,White,2,5.7,11.4,5217,30029.4258
709,"Mountain Bike Socks, M",SO-B909-M,White,4,5.7,22.8,5217,30029.4258
709,"Mountain Bike Socks, M",SO-B909-M,White,3,5.7,17.1,5217,30029.4258
709,"Mountain Bike Socks, M",SO-B909-M,White,14,5.51,77.14,5217,30029.4258
709,"Mountain Bike Socks, M",SO-B909-M,White,4,5.7,22.8,5217,30029.4258
709,"Mountain Bike Socks, M",SO-B909-M,White,2,5.7,11.4,5217,30029.4258
709,"Mountain Bike Socks, M",SO-B909-M,White,2,5.7,11.4,5217,30029.4258
709,"Mountain Bike Socks, M",SO-B909-M,White,4,5.7,22.8,5217,30029.4258
709,"Mountain Bike Socks, M",SO-B909-M,White,2,5.7,11.4,5217,30029.4258
709,"Mountain Bike Socks, M",SO-B909-M,White,4,5.7,22.8,5217,30029.4258
709,"Mountain Bike Socks, M",SO-B909-M,White,2,5.7,11.4,5217,30029.4258
709,"Mountain Bike Socks, M",SO-B909-M,White,9,5.7,51.3,5217,30029.4258
709,"Mountain Bike Socks, M",SO-B909-M,White,6,5.7,34.2,5217,30029.4258
709,"Mountain Bike Socks, M",SO-B909-M,White,2,5.7,11.4,5217,30029.4258
709,"Mountain Bike Socks, M",SO-B909-M,White,10,5.7,57.0,5217,30029.4258
709,"Mountain Bike Socks, M",SO-B909-M,White,14,5.51,77.14,5217,30029.4258
709,"Mountain Bike Socks, M",SO-B909-M,White,2,5.7,11.4,5217,30029.4258
709,"Mountain Bike Socks, M",SO-B909-M,White,5,5.7,28.5,5217,30029.4258
709,"Mountain Bike Socks, M",SO-B909-M,White,8,5.7,45.6,5217,30029.4258
709,"Mountain Bike Socks, M",SO-B909-M,White,2,5.7,11.4,5217,30029.4258
709,"Mountain Bike Socks, M",SO-B909-M,White,5,5.7,28.5,5217,30029.4258
709,"Mountain Bike Socks, M",SO-B909-M,White,2,5.7,11.4,5217,30029.4258
709,"Mountain Bike Socks, M",SO-B909-M,White,5,5.7,28.5,5217,30029.4258
709,"Mountain Bike Socks, M",SO-B909-M,White,18,5.225,94.05,5217,30029.4258
709,"Mountain Bike Socks, M",SO-B909-M,White,12,5.51,66.12,5217,30029.4258
709,"Mountain Bike Socks, M",SO-B909-M,White,2,5.7,11.4,5217,30029.4258
709,"Mountain Bike Socks, M",SO-B909-M,White,3,5.7,17.1,5217,30029.4258
709,"Mountain Bike Socks, M",SO-B909-M,White,3,5.7,17.1,5217,30029.4258
709,"Mountain Bike Socks, M",SO-B909-M,White,12,5.51,66.12,5217,30029.4258
709,"Mountain Bike Socks, M",SO-B909-M,White,6,5.7,34.2,5217,30029.4258
709,"Mountain Bike Socks, M",SO-B909-M,White,3,5.7,17.1,5217,30029.4258
709,"Mountain Bike Socks, M",SO-B909-M,White,6,5.7,34.2,5217,30029.4258
709,"Mountain Bike Socks, M",SO-B909-M,White,2,5.7,11.4,5217,30029.4258
709,"Mountain Bike Socks, M",SO-B909-M,White,3,5.7,17.1,5217,30029.4258
709,"Mountain Bike Socks, M",SO-B909-M,White,2,5.7,11.4,5217,30029.4258
709,"Mountain Bike Socks, M",SO-B909-M,White,5,5.7,28.5,5217,30029.4258
709,"Mountain Bike Socks, M",SO-B909-M,White,3,5.7,17.1,5217,30029.4258
709,"Mountain Bike Socks, M",SO-B909-M,White,3,5.7,17.1,5217,30029.4258
709,"Mountain Bike Socks, M",SO-B909-M,White,6,5.7,34.2,5217,30029.4258
709,"Mountain Bike Socks, M",SO-B909-M,White,6,5.7,34.2,5217,30029.4258
709,"Mountain Bike Socks, M",SO-B909-M,White,3,5.7,17.1,5217,30029.4258
709,"Mountain Bike Socks, M",SO-B909-M,White,6,5.7,34.2,5217,30029.4258
709,"Mountain Bike Socks, M",SO-B909-M,White,12,5.51,66.12,5217,30029.4258
709,"Mountain Bike Socks, M",SO-B909-M,White,3,5.7,17.1,5217,30029.4258
709,"Mountain Bike Socks, M",SO-B909-M,White,3,5.7,17.1,5217,30029.4258
709,"Mountain Bike Socks, M",SO-B909-M,White,3,5.7,17.1,5217,30029.4258
709,"Mountain Bike Socks, M",SO-B909-M,White,6,5.7,34.2,5217,30029.4258
709,"Mountain Bike Socks, M",SO-B909-M,White,5,5.7,28.5,5217,30029.4258
709,"Mountain Bike Socks, M",SO-B909-M,White,12,5.51,66.12,5217,30029.4258
709,"Mountain Bike Socks, M",SO-B909-M,White,8,5.7,45.6,5217,30029.4258
709,"Mountain Bike Socks, M",SO-B909-M,White,6,5.7,34.2,5217,30029.4258
709,"Mountain Bike Socks, M",SO-B909-M,White,6,5.7,34.2,5217,30029.4258
709,"Mountain Bike Socks, M",SO-B909-M,White,8,5.7,45.6,5217,30029.4258
709,"Mountain Bike Socks, M",SO-B909-M,White,7,5.7,39.9,5217,30029.4258
709,"Mountain Bike Socks, M",SO-B909-M,White,6,5.7,34.2,5217,30029.4258
709,"Mountain Bike Socks, M",SO-B909-M,White,6,5.7,34.2,5217,30029.4258
709,"Mountain Bike Socks, M",SO-B909-M,White,3,5.7,17.1,5217,30029.4258
709,"Mountain Bike Socks, M",SO-B909-M,White,6,5.7,34.2,5217,30029.4258
709,"Mountain Bike Socks, M",SO-B909-M,White,7,5.7,39.9,5217,30029.4258
709,"Mountain Bike Socks, M",SO-B909-M,White,5,5.7,28.5,5217,30029.4258
709,"Mountain Bike Socks, M",SO-B909-M,White,1,5.7,5.7,5217,30029.4258
709,"Mountain Bike Socks, M",SO-B909-M,White,3,5.7,17.1,5217,30029.4258
709,"Mountain Bike Socks, M",SO-B909-M,White,9,5.7,51.3,5217,30029.4258
709,"Mountain Bike Socks, M",SO-B909-M,White,3,5.7,17.1,5217,30029.4258
709,"Mountain Bike Socks, M",SO-B909-M,White,7,5.7,39.9,5217,30029.4258
709,"Mountain Bike Socks, M",SO-B909-M,White,18,5.225,94.05,5217,30029.4258
709,"Mountain Bike Socks, M",SO-B909-M,White,6,5.7,34.2,5217,30029.4258
709,"Mountain Bike Socks, M",SO-B909-M,White,5,5.7,28.5,5217,30029.4258
709,"Mountain Bike Socks, M",SO-B909-M,White,6,5.7,34.2,5217,30029.4258
709,"Mountain Bike Socks, M",SO-B909-M,White,2,5.7,11.4,5217,30029.4258
709,"Mountain Bike Socks, M",SO-B909-M,White,6,5.7,34.2,5217,30029.4258
709,"Mountain Bike Socks, M",SO-B909-M,White,6,5.7,34.2,5217,30029.4258
709,"Mountain Bike Socks, M",SO-B909-M,White,6,5.7,34.2,5217,30029.4258
709,"Mountain Bike Socks, M",SO-B909-M,White,4,5.7,22.8,5217,30029.4258
709,"Mountain Bike Socks, M",SO-B909-M,White,6,5.7,34.2,5217,30029.4258
709,"Mountain Bike Socks, M",SO-B909-M,White,6,5.7,34.2,5217,30029.4258
709,"Mountain Bike Socks, M",SO-B909-M,White,3,5.7,17.1,5217,30029.4258
709,"Mountain Bike Socks, M",SO-B909-M,White,7,5.7,39.9,5217,30029.4258
709,"Mountain Bike Socks, M",SO-B909-M,White,32,4.75,152.0,5217,30029.4258
709,"Mountain Bike Socks, M",SO-B909-M,White,6,5.7,34.2,5217,30029.4258
709,"Mountain Bike Socks, M",SO-B909-M,White,3,5.7,17.1,5217,30029.4258
709,"Mountain Bike Socks, M",SO-B909-M,White,3,5.7,17.1,5217,30029.4258
709,"Mountain Bike Socks, M",SO-B909-M,White,6,5.7,34.2,5217,30029.4258
709,"Mountain Bike Socks, M",SO-B909-M,White,8,5.7,45.6,5217,30029.4258
709,"Mountain Bike Socks, M",SO-B909-M,White,5,5.7,28.5,5217,30029.4258
709,"Mountain Bike Socks, M",SO-B909-M,White,6,5.7,34.2,5217,30029.4258
709,"Mountain Bike Socks, M",SO-B909-M,White,3,5.7,17.1,5217,30029.4258
709,"Mountain Bike Socks, M",SO-B909-M,White,2,5.7,11.4,5217,30029.4258
709,"Mountain Bike Socks, M",SO-B909-M,White,3,5.7,17.1,5217,30029.4258
709,"Mountain Bike Socks, M",SO-B909-M,White,3,5.7,17.1,5217,30029.4258
709,"Mountain Bike Socks, M",SO-B909-M,White,6,5.7,34.2,5217,30029.4258
709,"Mountain Bike Socks, M",SO-B909-M,White,2,5.7,11.4,5217,30029.4258
709,"Mountain Bike Socks, M",SO-B909-M,White,6,5.7,34.2,5217,30029.4258
709,"Mountain Bike Socks, M",SO-B909-M,White,6,5.7,34.2,5217,30029.4258
709,"Mountain Bike Socks, M",SO-B909-M,White,6,5.7,34.2,5217,30029.4258
709,"Mountain Bike Socks, M",SO-B909-M,White,3,5.7,17.1,5217,30029.4258
710,"Mountain Bike Socks, L",SO-B909-L,White,1,5.7,5.7,5217,30029.4258
710,"Mountain Bike Socks, L",SO-B909-L,White,2,5.7,11.4,5217,30029.4258
710,"Mountain Bike Socks, L",SO-B909-L,White,1,5.7,5.7,5217,30029.4258
710,"Mountain Bike Socks, L",SO-B909-L,White,3,5.7,17.1,5217,30029.4258
710,"Mountain Bike Socks, L",SO-B909-L,White,1,5.7,5.7,5217,30029.4258
710,"Mountain Bike Socks, L",SO-B909-L,White,1,5.7,5.7,5217,30029.4258
710,"Mountain Bike Socks, L",SO-B909-L,White,2,5.7,11.4,5217,30029.4258
710,"Mountain Bike Socks, L",SO-B909-L,White,3,5.7,17.1,5217,30029.4258
710,"Mountain Bike Socks, L",SO-B909-L,White,2,5.7,11.4,5217,30029.4258
710,"Mountain Bike Socks, L",SO-B909-L,White,2,5.7,11.4,5217,30029.4258
710,"Mountain Bike Socks, L",SO-B909-L,White,2,5.7,11.4,5217,30029.4258
710,"Mountain Bike Socks, L",SO-B909-L,White,2,5.7,11.4,5217,30029.4258
710,"Mountain Bike Socks, L",SO-B909-L,White,5,5.7,28.5,5217,30029.4258
710,"Mountain Bike Socks, L",SO-B909-L,White,1,5.7,5.7,5217,30029.4258
710,"Mountain Bike Socks, L",SO-B909-L,White,1,5.7,5.7,5217,30029.4258
710,"Mountain Bike Socks, L",SO-B909-L,White,1,5.7,5.7,5217,30029.4258
710,"Mountain Bike Socks, L",SO-B909-L,White,2,5.7,11.4,5217,30029.4258
710,"Mountain Bike Socks, L",SO-B909-L,White,3,5.7,17.1,5217,30029.4258
710,"Mountain Bike Socks, L",SO-B909-L,White,1,5.7,5.7,5217,30029.4258
710,"Mountain Bike Socks, L",SO-B909-L,White,1,5.7,5.7,5217,30029.4258
710,"Mountain Bike Socks, L",SO-B909-L,White,1,5.7,5.7,5217,30029.4258
710,"Mountain Bike Socks, L",SO-B909-L,White,3,5.7,17.1,5217,30029.4258
710,"Mountain Bike Socks, L",SO-B909-L,White,2,5.7,11.4,5217,30029.4258
710,"Mountain Bike Socks, L",SO-B909-L,White,1,5.7,5.7,5217,30029.4258
710,"Mountain Bike Socks, L",SO-B909-L,White,1,5.7,5.7,5217,30029.4258
710,"Mountain Bike Socks, L",SO-B909-L,White,3,5.7,17.1,5217,30029.4258
710,"Mountain Bike Socks, L",SO-B909-L,White,1,5.7,5.7,5217,30029.4258
710,"Mountain Bike Socks, L",SO-B909-L,White,3,5.7,17.1,5217,30029.4258
710,"Mountain Bike Socks, L",SO-B909-L,White,2,5.7,11.4,5217,30029.4258
710,"Mountain Bike Socks, L",SO-B909-L,White,1,5.7,5.7,5217,30029.4258
710,"Mountain Bike Socks, L",SO-B909-L,White,1,5.7,5.7,5217,30029.4258
710,"Mountain Bike Socks, L",SO-B909-L,White,3,5.7,17.1,5217,30029.4258
710,"Mountain Bike Socks, L",SO-B909-L,White,1,5.7,5.7,5217,30029.4258
710,"Mountain Bike Socks, L",SO-B909-L,White,6,5.7,34.2,5217,30029.4258
710,"Mountain Bike Socks, L",SO-B909-L,White,3,5.7,17.1,5217,30029.4258
710,"Mountain Bike Socks, L",SO-B909-L,White,2,5.7,11.4,5217,30029.4258
710,"Mountain Bike Socks, L",SO-B909-L,White,4,5.7,22.8,5217,30029.4258
710,"Mountain Bike Socks, L",SO-B909-L,White,3,5.7,17.1,5217,30029.4258
710,"Mountain Bike Socks, L",SO-B909-L,White,1,5.7,5.7,5217,30029.4258
710,"Mountain Bike Socks, L",SO-B909-L,White,2,5.7,11.4,5217,30029.4258
710,"Mountain Bike Socks, L",SO-B909-L,White,1,5.7,5.7,5217,30029.4258
710,"Mountain Bike Socks, L",SO-B909-L,White,3,5.7,17.1,5217,30029.4258
710,"Mountain Bike Socks, L",SO-B909-L,White,1,5.7,5.7,5217,30029.4258
710,"Mountain Bike Socks, L",SO-B909-L,White,4,5.7,22.8,5217,30029.4258
874,"Racing Socks, M",SO-R809-M,White,6,5.394,32.364,5217,30029.4258
874,"Racing Socks, M",SO-R809-M,White,1,5.394,5.394,5217,30029.4258
874,"Racing Socks, M",SO-R809-M,White,4,5.394,21.576,5217,30029.4258
874,"Racing Socks, M",SO-R809-M,White,3,5.394,16.182,5217,30029.4258
874,"Racing Socks, M",SO-R809-M,White,5,5.394,26.97,5217,30029.4258
874,"Racing Socks, M",SO-R809-M,White,4,5.394,21.576,5217,30029.4258
874,"Racing Socks, M",SO-R809-M,White,14,5.2142,72.9988,5217,30029.4258
874,"Racing Socks, M",SO-R809-M,White,6,5.394,32.364,5217,30029.4258
874,"Racing Socks, M",SO-R809-M,White,10,5.394,53.94,5217,30029.4258
874,"Racing Socks, M",SO-R809-M,White,5,5.394,26.97,5217,30029.4258
874,"Racing Socks, M",SO-R809-M,White,1,5.394,5.394,5217,30029.4258
874,"Racing Socks, M",SO-R809-M,White,1,5.394,5.394,5217,30029.4258
874,"Racing Socks, M",SO-R809-M,White,1,5.394,5.394,5217,30029.4258
874,"Racing Socks, M",SO-R809-M,White,8,5.394,43.152,5217,30029.4258
874,"Racing Socks, M",SO-R809-M,White,2,5.394,10.788,5217,30029.4258
874,"Racing Socks, M",SO-R809-M,White,2,5.394,10.788,5217,30029.4258
874,"Racing Socks, M",SO-R809-M,White,2,5.394,10.788,5217,30029.4258
874,"Racing Socks, M",SO-R809-M,White,4,5.394,21.576,5217,30029.4258
874,"Racing Socks, M",SO-R809-M,White,4,5.394,21.576,5217,30029.4258
874,"Racing Socks, M",SO-R809-M,White,2,5.394,10.788,5217,30029.4258
874,"Racing Socks, M",SO-R809-M,White,2,5.394,10.788,5217,30029.4258
874,"Racing Socks, M",SO-R809-M,White,3,5.394,16.182,5217,30029.4258
874,"Racing Socks, M",SO-R809-M,White,1,8.99,8.99,5217,30029.4258
874,"Racing Socks, M",SO-R809-M,White,1,8.99,8.99,5217,30029.4258
874,"Racing Socks, M",SO-R809-M,White,10,5.394,53.94,5217,30029.4258
874,"Racing Socks, M",SO-R809-M,White,4,5.394,21.576,5217,30029.4258
874,"Racing Socks, M",SO-R809-M,White,6,5.394,32.364,5217,30029.4258
874,"Racing Socks, M",SO-R809-M,White,4,5.394,21.576,5217,30029.4258
874,"Racing Socks, M",SO-R809-M,White,2,5.394,10.788,5217,30029.4258
874,"Racing Socks, M",SO-R809-M,White,3,5.394,16.182,5217,30029.4258
874,"Racing Socks, M",SO-R809-M,White,6,5.394,32.364,5217,30029.4258
874,"Racing Socks, M",SO-R809-M,White,3,5.394,16.182,5217,30029.4258
874,"Racing Socks, M",SO-R809-M,White,10,5.394,53.94,5217,30029.4258
874,"Racing Socks, M",SO-R809-M,White,4,5.394,21.576,5217,30029.4258
874,"Racing Socks, M",SO-R809-M,White,4,5.394,21.576,5217,30029.4258
874,"Racing Socks, M",SO-R809-M,White,6,5.394,32.364,5217,30029.4258
874,"Racing Socks, M",SO-R809-M,White,3,5.394,16.182,5217,30029.4258
874,"Racing Socks, M",SO-R809-M,White,13,5.2142,67.7846,5217,30029.4258
874,"Racing Socks, M",SO-R809-M,White,4,5.394,21.576,5217,30029.4258
874,"Racing Socks, M",SO-R809-M,White,2,5.394,10.788,5217,30029.4258
874,"Racing Socks, M",SO-R809-M,White,1,5.394,5.394,5217,30029.4258
874,"Racing Socks, M",SO-R809-M,White,3,5.394,16.182,5217,30029.4258
874,"Racing Socks, M",SO-R809-M,White,10,5.394,53.94,5217,30029.4258
874,"Racing Socks, M",SO-R809-M,White,9,5.394,48.546,5217,30029.4258
874,"Racing Socks, M",SO-R809-M,White,2,5.394,10.788,5217,30029.4258
874,"Racing Socks, M",SO-R809-M,White,14,5.2142,72.9988,5217,30029.4258
874,"Racing Socks, M",SO-R809-M,White,2,5.394,10.788,5217,30029.4258
874,"Racing Socks, M",SO-R809-M,White,4,5.394,21.576,5217,30029.4258
874,"Racing Socks, M",SO-R809-M,White,2,5.394,10.788,5217,30029.4258
874,"Racing Socks, M",SO-R809-M,White,6,5.394,32.364,5217,30029.4258
874,"Racing Socks, M",SO-R809-M,White,8,5.394,43.152,5217,30029.4258
874,"Racing Socks, M",SO-R809-M,White,2,5.394,10.788,5217,30029.4258
874,"Racing Socks, M",SO-R809-M,White,1,5.394,5.394,5217,30029.4258
874,"Racing Socks, M",SO-R809-M,White,8,5.394,43.152,5217,30029.4258
874,"Racing Socks, M",SO-R809-M,White,10,5.394,53.94,5217,30029.4258
874,"Racing Socks, M",SO-R809-M,White,8,5.394,43.152,5217,30029.4258
874,"Racing Socks, M",SO-R809-M,White,1,5.394,5.394,5217,30029.4258
874,"Racing Socks, M",SO-R809-M,White,1,5.394,5.394,5217,30029.4258
874,"Racing Socks, M",SO-R809-M,White,7,5.394,37.758,5217,30029.4258
874,"Racing Socks, M",SO-R809-M,White,2,5.394,10.788,5217,30029.4258
874,"Racing Socks, M",SO-R809-M,White,2,5.394,10.788,5217,30029.4258
874,"Racing Socks, M",SO-R809-M,White,9,5.394,48.546,5217,30029.4258
874,"Racing Socks, M",SO-R809-M,White,3,5.394,16.182,5217,30029.4258
874,"Racing Socks, M",SO-R809-M,White,1,8.99,8.99,5217,30029.4258
874,"Racing Socks, M",SO-R809-M,White,1,8.99,8.99,5217,30029.4258
874,"Racing Socks, M",SO-R809-M,White,1,8.99,8.99,5217,30029.4258
874,"Racing Socks, M",SO-R809-M,White,1,8.99,8.99,5217,30029.4258
874,"Racing Socks, M",SO-R809-M,White,1,8.99,8.99,5217,30029.4258
874,"Racing Socks, M",SO-R809-M,White,1,8.99,8.99,5217,30029.4258
874,"Racing Socks, M",SO-R809-M,White,1,8.99,8.99,5217,30029.4258
874,"Racing Socks, M",SO-R809-M,White,1,8.99,8.99,5217,30029.4258
874,"Racing Socks, M",SO-R809-M,White,1,8.99,8.99,5217,30029.4258
874,"Racing Socks, M",SO-R809-M,White,1,8.99,8.99,5217,30029.4258
874,"Racing Socks, M",SO-R809-M,White,1,8.99,8.99,5217,30029.4258
874,"Racing Socks, M",SO-R809-M,White,1,8.99,8.99,5217,30029.4258
874,"Racing Socks, M",SO-R809-M,White,1,8.99,8.99,5217,30029.4258
874,"Racing Socks, M",SO-R809-M,White,1,8.99,8.99,5217,30029.4258
874,"Racing Socks, M",SO-R809-M,White,1,8.99,8.99,5217,30029.4258
874,"Racing Socks, M",SO-R809-M,White,1,8.99,8.99,5217,30029.4258
874,"Racing Socks, M",SO-R809-M,White,1,8.99,8.99,5217,30029.4258
874,"Racing Socks, M",SO-R809-M,White,1,8.99,8.99,5217,30029.4258
874,"Racing Socks, M",SO-R809-M,White,1,8.99,8.99,5217,30029.4258
874,"Racing Socks, M",SO-R809-M,White,1,8.99,8.99,5217,30029.4258
874,"Racing Socks, M",SO-R809-M,White,1,8.99,8.99,5217,30029.4258
874,"Racing Socks, M",SO-R809-M,White,1,8.99,8.99,5217,30029.4258
874,"Racing Socks, M",SO-R809-M,White,1,8.99,8.99,5217,30029.4258
874,"Racing Socks, M",SO-R809-M,White,1,8.99,8.99,5217,30029.4258
874,"Racing Socks, M",SO-R809-M,White,2,5.394,10.788,5217,30029.4258
874,"Racing Socks, M",SO-R809-M,White,3,5.394,16.182,5217,30029.4258
874,"Racing Socks, M",SO-R809-M,White,12,5.2142,62.5704,5217,30029.4258
874,"Racing Socks, M",SO-R809-M,White,4,5.394,21.576,5217,30029.4258
874,"Racing Socks, M",SO-R809-M,White,5,5.394,26.97,5217,30029.4258
874,"Racing Socks, M",SO-R809-M,White,4,5.394,21.576,5217,30029.4258
874,"Racing Socks, M",SO-R809-M,White,2,5.394,10.788,5217,30029.4258
874,"Racing Socks, M",SO-R809-M,White,4,5.394,21.576,5217,30029.4258
874,"Racing Socks, M",SO-R809-M,White,1,5.394,5.394,5217,30029.4258
874,"Racing Socks, M",SO-R809-M,White,10,5.394,53.94,5217,30029.4258
874,"Racing Socks, M",SO-R809-M,White,2,5.394,10.788,5217,30029.4258
874,"Racing Socks, M",SO-R809-M,White,2,5.394,10.788,5217,30029.4258
874,"Racing Socks, M",SO-R809-M,White,14,5.2142,72.9988,5217,30029.4258
874,"Racing Socks, M",SO-R809-M,White,4,5.394,21.576,5217,30029.4258
874,"Racing Socks, M",SO-R809-M,White,4,5.394,21.576,5217,30029.4258
874,"Racing Socks, M",SO-R809-M,White,2,5.394,10.788,5217,30029.4258
874,"Racing Socks, M",SO-R809-M,White,9,5.394,48.546,5217,30029.4258
874,"Racing Socks, M",SO-R809-M,White,7,5.394,37.758,5217,30029.4258
874,"Racing Socks, M",SO-R809-M,White,2,5.394,10.788,5217,30029.4258
874,"Racing Socks, M",SO-R809-M,White,1,5.394,5.394,5217,30029.4258
874,"Racing Socks, M",SO-R809-M,White,4,5.394,21.576,5217,30029.4258
874,"Racing Socks, M",SO-R809-M,White,2,5.394,10.788,5217,30029.4258
874,"Racing Socks, M",SO-R809-M,White,10,5.394,53.94,5217,30029.4258
874,"Racing Socks, M",SO-R809-M,White,10,5.394,53.94,5217,30029.4258
874,"Racing Socks, M",SO-R809-M,White,4,5.394,21.576,5217,30029.4258
874,"Racing Socks, M",SO-R809-M,White,4,5.394,21.576,5217,30029.4258
874,"Racing Socks, M",SO-R809-M,White,1,8.99,8.99,5217,30029.4258
874,"Racing Socks, M",SO-R809-M,White,1,8.99,8.99,5217,30029.4258
874,"Racing Socks, M",SO-R809-M,White,1,8.99,8.99,5217,30029.4258
874,"Racing Socks, M",SO-R809-M,White,1,8.99,8.99,5217,30029.4258
874,"Racing Socks, M",SO-R809-M,White,1,8.99,8.99,5217,30029.4258
874,"Racing Socks, M",SO-R809-M,White,8,5.394,43.152,5217,30029.4258
874,"Racing Socks, M",SO-R809-M,White,3,5.394,16.182,5217,30029.4258
874,"Racing Socks, M",SO-R809-M,White,1,8.99,8.99,5217,30029.4258
874,"Racing Socks, M",SO-R809-M,White,1,8.99,8.99,5217,30029.4258
874,"Racing Socks, M",SO-R809-M,White,1,8.99,8.99,5217,30029.4258
874,"Racing Socks, M",SO-R809-M,White,1,8.99,8.99,5217,30029.4258
874,"Racing Socks, M",SO-R809-M,White,1,8.99,8.99,5217,30029.4258
874,"Racing Socks, M",SO-R809-M,White,1,8.99,8.99,5217,30029.4258
874,"Racing Socks, M",SO-R809-M,White,1,8.99,8.99,5217,30029.4258
874,"Racing Socks, M",SO-R809-M,White,1,8.99,8.99,5217,30029.4258
874,"Racing Socks, M",SO-R809-M,White,1,8.99,8.99,5217,30029.4258
874,"Racing Socks, M",SO-R809-M,White,1,8.99,8.99,5217,30029.4258
874,"Racing Socks, M",SO-R809-M,White,1,8.99,8.99,5217,30029.4258
874,"Racing Socks, M",SO-R809-M,White,1,8.99,8.99,5217,30029.4258
874,"Racing Socks, M",SO-R809-M,White,1,8.99,8.99,5217,30029.4258
874,"Racing Socks, M",SO-R809-M,White,1,8.99,8.99,5217,30029.4258
874,"Racing Socks, M",SO-R809-M,White,1,8.99,8.99,5217,30029.4258
874,"Racing Socks, M",SO-R809-M,White,1,8.99,8.99,5217,30029.4258
874,"Racing Socks, M",SO-R809-M,White,1,8.99,8.99,5217,30029.4258
874,"Racing Socks, M",SO-R809-M,White,8,5.394,43.152,5217,30029.4258
874,"Racing Socks, M",SO-R809-M,White,4,5.394,21.576,5217,30029.4258
874,"Racing Socks, M",SO-R809-M,White,1,5.394,5.394,5217,30029.4258
874,"Racing Socks, M",SO-R809-M,White,1,5.394,5.394,5217,30029.4258
874,"Racing Socks, M",SO-R809-M,White,2,5.394,10.788,5217,30029.4258
874,"Racing Socks, M",SO-R809-M,White,2,5.394,10.788,5217,30029.4258
874,"Racing Socks, M",SO-R809-M,White,4,5.394,21.576,5217,30029.4258
874,"Racing Socks, M",SO-R809-M,White,9,5.394,48.546,5217,30029.4258
874,"Racing Socks, M",SO-R809-M,White,4,5.394,21.576,5217,30029.4258
874,"Racing Socks, M",SO-R809-M,White,3,5.394,16.182,5217,30029.4258
874,"Racing Socks, M",SO-R809-M,White,7,5.394,37.758,5217,30029.4258
874,"Racing Socks, M",SO-R809-M,White,7,5.394,37.758,5217,30029.4258
874,"Racing Socks, M",SO-R809-M,White,4,5.394,21.576,5217,30029.4258
874,"Racing Socks, M",SO-R809-M,White,3,5.394,16.182,5217,30029.4258
874,"Racing Socks, M",SO-R809-M,White,6,5.394,32.364,5217,30029.4258
874,"Racing Socks, M",SO-R809-M,White,6,5.394,32.364,5217,30029.4258
874,"Racing Socks, M",SO-R809-M,White,1,8.99,8.99,5217,30029.4258
874,"Racing Socks, M",SO-R809-M,White,1,8.99,8.99,5217,30029.4258
874,"Racing Socks, M",SO-R809-M,White,1,8.99,8.99,5217,30029.4258
874,"Racing Socks, M",SO-R809-M,White,1,8.99,8.99,5217,30029.4258
874,"Racing Socks, M",SO-R809-M,White,1,8.99,8.99,5217,30029.4258
874,"Racing Socks, M",SO-R809-M,White,1,8.99,8.99,5217,30029.4258
874,"Racing Socks, M",SO-R809-M,White,1,8.99,8.99,5217,30029.4258
874,"Racing Socks, M",SO-R809-M,White,4,5.394,21.576,5217,30029.4258
874,"Racing Socks, M",SO-R809-M,White,5,5.394,26.97,5217,30029.4258
874,"Racing Socks, M",SO-R809-M,White,1,5.394,5.394,5217,30029.4258
874,"Racing Socks, M",SO-R809-M,White,1,8.99,8.99,5217,30029.4258
874,"Racing Socks, M",SO-R809-M,White,1,8.99,8.99,5217,30029.4258
874,"Racing Socks, M",SO-R809-M,White,1,8.99,8.99,5217,30029.4258
874,"Racing Socks, M",SO-R809-M,White,1,8.99,8.99,5217,30029.4258
874,"Racing Socks, M",SO-R809-M,White,1,8.99,8.99,5217,30029.4258
874,"Racing Socks, M",SO-R809-M,White,1,8.99,8.99,5217,30029.4258
874,"Racing Socks, M",SO-R809-M,White,1,8.99,8.99,5217,30029.4258
874,"Racing Socks, M",SO-R809-M,White,1,8.99,8.99,5217,30029.4258
874,"Racing Socks, M",SO-R809-M,White,1,8.99,8.99,5217,30029.4258
874,"Racing Socks, M",SO-R809-M,White,1,8.99,8.99,5217,30029.4258
874,"Racing Socks, M",SO-R809-M,White,1,8.99,8.99,5217,30029.4258
874,"Racing Socks, M",SO-R809-M,White,1,8.99,8.99,5217,30029.4258
874,"Racing Socks, M",SO-R809-M,White,1,8.99,8.99,5217,30029.4258
874,"Racing Socks, M",SO-R809-M,White,1,8.99,8.99,5217,30029.4258
874,"Racing Socks, M",SO-R809-M,White,1,8.99,8.99,5217,30029.4258
874,"Racing Socks, M",SO-R809-M,White,1,8.99,8.99,5217,30029.4258
874,"Racing Socks, M",SO-R809-M,White,1,8.99,8.99,5217,30029.4258
874,"Racing Socks, M",SO-R809-M,White,1,8.99,8.99,5217,30029.4258
874,"Racing Socks, M",SO-R809-M,White,1,8.99,8.99,5217,30029.4258
874,"Racing Socks, M",SO-R809-M,White,1,5.394,5.394,5217,30029.4258
874,"Racing Socks, M",SO-R809-M,White,4,5.394,21.576,5217,30029.4258
874,"Racing Socks, M",SO-R809-M,White,2,5.394,10.788,5217,30029.4258
874,"Racing Socks, M",SO-R809-M,White,2,5.394,10.788,5217,30029.4258
874,"Racing Socks, M",SO-R809-M,White,4,5.394,21.576,5217,30029.4258
874,"Racing Socks, M",SO-R809-M,White,5,5.394,26.97,5217,30029.4258
874,"Racing Socks, M",SO-R809-M,White,6,5.394,32.364,5217,30029.4258
874,"Racing Socks, M",SO-R809-M,White,6,5.394,32.364,5217,30029.4258
874,"Racing Socks, M",SO-R809-M,White,1,5.394,5.394,5217,30029.4258
874,"Racing Socks, M",SO-R809-M,White,3,5.394,16.182,5217,30029.4258
874,"Racing Socks, M",SO-R809-M,White,2,5.394,10.788,5217,30029.4258
874,"Racing Socks, M",SO-R809-M,White,8,5.394,43.152,5217,30029.4258
874,"Racing Socks, M",SO-R809-M,White,2,5.394,10.788,5217,30029.4258
874,"Racing Socks, M",SO-R809-M,White,8,5.394,43.152,5217,30029.4258
874,"Racing Socks, M",SO-R809-M,White,1,5.394,5.394,5217,30029.4258
874,"Racing Socks, M",SO-R809-M,White,2,5.394,10.788,5217,30029.4258
874,"Racing Socks, M",SO-R809-M,White,2,5.394,10.788,5217,30029.4258
874,"Racing Socks, M",SO-R809-M,White,6,5.394,32.364,5217,30029.4258
874,"Racing Socks, M",SO-R809-M,White,8,5.394,43.152,5217,30029.4258
874,"Racing Socks, M",SO-R809-M,White,6,5.394,32.364,5217,30029.4258
874,"Racing Socks, M",SO-R809-M,White,4,5.394,21.576,5217,30029.4258
874,"Racing Socks, M",SO-R809-M,White,11,5.2142,57.3562,5217,30029.4258
874,"Racing Socks, M",SO-R809-M,White,3,5.394,16.182,5217,30029.4258
874,"Racing Socks, M",SO-R809-M,White,6,5.394,32.364,5217,30029.4258
874,"Racing Socks, M",SO-R809-M,White,8,5.394,43.152,5217,30029.4258
874,"Racing Socks, M",SO-R809-M,White,6,5.394,32.364,5217,30029.4258
874,"Racing Socks, M",SO-R809-M,White,1,5.394,5.394,5217,30029.4258
874,"Racing Socks, M",SO-R809-M,White,4,5.394,21.576,5217,30029.4258
874,"Racing Socks, M",SO-R809-M,White,8,5.394,43.152,5217,30029.4258
874,"Racing Socks, M",SO-R809-M,White,4,5.394,21.576,5217,30029.4258
874,"Racing Socks, M",SO-R809-M,White,1,5.394,5.394,5217,30029.4258
874,"Racing Socks, M",SO-R809-M,White,4,5.394,21.576,5217,30029.4258
874,"Racing Socks, M",SO-R809-M,White,10,5.394,53.94,5217,30029.4258
874,"Racing Socks, M",SO-R809-M,White,2,5.394,10.788,5217,30029.4258
874,"Racing Socks, M",SO-R809-M,White,1,8.99,8.99,5217,30029.4258
874,"Racing Socks, M",SO-R809-M,White,1,8.99,8.99,5217,30029.4258
874,"Racing Socks, M",SO-R809-M,White,1,8.99,8.99,5217,30029.4258
874,"Racing Socks, M",SO-R809-M,White,1,8.99,8.99,5217,30029.4258
874,"Racing Socks, M",SO-R809-M,White,1,8.99,8.99,5217,30029.4258
874,"Racing Socks, M",SO-R809-M,White,1,8.99,8.99,5217,30029.4258
874,"Racing Socks, M",SO-R809-M,White,1,8.99,8.99,5217,30029.4258
874,"Racing Socks, M",SO-R809-M,White,1,8.99,8.99,5217,30029.4258
874,"Racing Socks, M",SO-R809-M,White,1,8.99,8.99,5217,30029.4258
874,"Racing Socks, M",SO-R809-M,White,1,8.99,8.99,5217,30029.4258
874,"Racing Socks, M",SO-R809-M,White,1,8.99,8.99,5217,30029.4258
874,"Racing Socks, M",SO-R809-M,White,1,8.99,8.99,5217,30029.4258
874,"Racing Socks, M",SO-R809-M,White,1,8.99,8.99,5217,30029.4258
874,"Racing Socks, M",SO-R809-M,White,1,8.99,8.99,5217,30029.4258
874,"Racing Socks, M",SO-R809-M,White,1,8.99,8.99,5217,30029.4258
874,"Racing Socks, M",SO-R809-M,White,1,8.99,8.99,5217,30029.4258
874,"Racing Socks, M",SO-R809-M,White,1,8.99,8.99,5217,30029.4258
874,"Racing Socks, M",SO-R809-M,White,1,8.99,8.99,5217,30029.4258
874,"Racing Socks, M",SO-R809-M,White,1,8.99,8.99,5217,30029.4258
874,"Racing Socks, M",SO-R809-M,White,1,8.99,8.99,5217,30029.4258
874,"Racing Socks, M",SO-R809-M,White,1,8.99,8.99,5217,30029.4258
874,"Racing Socks, M",SO-R809-M,White,1,8.99,8.99,5217,30029.4258
874,"Racing Socks, M",SO-R809-M,White,1,8.99,8.99,5217,30029.4258
874,"Racing Socks, M",SO-R809-M,White,1,8.99,8.99,5217,30029.4258
874,"Racing Socks, M",SO-R809-M,White,1,8.99,8.99,5217,30029.4258
874,"Racing Socks, M",SO-R809-M,White,1,8.99,8.99,5217,30029.4258
874,"Racing Socks, M",SO-R809-M,White,1,8.99,8.99,5217,30029.4258
874,"Racing Socks, M",SO-R809-M,White,1,8.99,8.99,5217,30029.4258
874,"Racing Socks, M",SO-R809-M,White,3,5.394,16.182,5217,30029.4258
874,"Racing Socks, M",SO-R809-M,White,4,5.394,21.576,5217,30029.4258
874,"Racing Socks, M",SO-R809-M,White,6,5.394,32.364,5217,30029.4258
874,"Racing Socks, M",SO-R809-M,White,2,5.394,10.788,5217,30029.4258
874,"Racing Socks, M",SO-R809-M,White,2,5.394,10.788,5217,30029.4258
874,"Racing Socks, M",SO-R809-M,White,2,5.394,10.788,5217,30029.4258
874,"Racing Socks, M",SO-R809-M,White,6,5.394,32.364,5217,30029.4258
874,"Racing Socks, M",SO-R809-M,White,2,5.394,10.788,5217,30029.4258
874,"Racing Socks, M",SO-R809-M,White,1,5.394,5.394,5217,30029.4258
874,"Racing Socks, M",SO-R809-M,White,2,5.394,10.788,5217,30029.4258
874,"Racing Socks, M",SO-R809-M,White,3,5.394,16.182,5217,30029.4258
874,"Racing Socks, M",SO-R809-M,White,1,5.394,5.394,5217,30029.4258
874,"Racing Socks, M",SO-R809-M,White,4,5.394,21.576,5217,30029.4258
874,"Racing Socks, M",SO-R809-M,White,3,5.394,16.182,5217,30029.4258
874,"Racing Socks, M",SO-R809-M,White,3,5.394,16.182,5217,30029.4258
874,"Racing Socks, M",SO-R809-M,White,2,5.394,10.788,5217,30029.4258
874,"Racing Socks, M",SO-R809-M,White,8,5.394,43.152,5217,30029.4258
874,"Racing Socks, M",SO-R809-M,White,2,5.394,10.788,5217,30029.4258
874,"Racing Socks, M",SO-R809-M,White,8,5.394,43.152,5217,30029.4258
874,"Racing Socks, M",SO-R809-M,White,4,5.394,21.576,5217,30029.4258
874,"Racing Socks, M",SO-R809-M,White,3,5.394,16.182,5217,30029.4258
874,"Racing Socks, M",SO-R809-M,White,2,5.394,10.788,5217,30029.4258
874,"Racing Socks, M",SO-R809-M,White,4,5.394,21.576,5217,30029.4258
874,"Racing Socks, M",SO-R809-M,White,3,5.394,16.182,5217,30029.4258
874,"Racing Socks, M",SO-R809-M,White,8,5.394,43.152,5217,30029.4258
874,"Racing Socks, M",SO-R809-M,White,5,5.394,26.97,5217,30029.4258
874,"Racing Socks, M",SO-R809-M,White,6,5.394,32.364,5217,30029.4258
874,"Racing Socks, M",SO-R809-M,White,2,5.394,10.788,5217,30029.4258
874,"Racing Socks, M",SO-R809-M,White,10,5.394,53.94,5217,30029.4258
874,"Racing Socks, M",SO-R809-M,White,8,5.394,43.152,5217,30029.4258
874,"Racing Socks, M",SO-R809-M,White,5,5.394,26.97,5217,30029.4258
874,"Racing Socks, M",SO-R809-M,White,3,5.394,16.182,5217,30029.4258
874,"Racing Socks, M",SO-R809-M,White,1,8.99,8.99,5217,30029.4258
874,"Racing Socks, M",SO-R809-M,White,1,8.99,8.99,5217,30029.4258
874,"Racing Socks, M",SO-R809-M,White,1,8.99,8.99,5217,30029.4258
874,"Racing Socks, M",SO-R809-M,White,1,8.99,8.99,5217,30029.4258
874,"Racing Socks, M",SO-R809-M,White,1,8.99,8.99,5217,30029.4258
874,"Racing Socks, M",SO-R809-M,White,1,8.99,8.99,5217,30029.4258
874,"Racing Socks, M",SO-R809-M,White,1,8.99,8.99,5217,30029.4258
874,"Racing Socks, M",SO-R809-M,White,1,8.99,8.99,5217,30029.4258
874,"Racing Socks, M",SO-R809-M,White,1,8.99,8.99,5217,30029.4258
874,"Racing Socks, M",SO-R809-M,White,1,8.99,8.99,5217,30029.4258
874,"Racing Socks, M",SO-R809-M,White,1,8.99,8.99,5217,30029.4258
874,"Racing Socks, M",SO-R809-M,White,1,8.99,8.99,5217,30029.4258
874,"Racing Socks, M",SO-R809-M,White,1,8.99,8.99,5217,30029.4258
874,"Racing Socks, M",SO-R809-M,White,1,8.99,8.99,5217,30029.4258
874,"Racing Socks, M",SO-R809-M,White,1,8.99,8.99,5217,30029.4258
874,"Racing Socks, M",SO-R809-M,White,1,8.99,8.99,5217,30029.4258
874,"Racing Socks, M",SO-R809-M,White,1,8.99,8.99,5217,30029.4258
874,"Racing Socks, M",SO-R809-M,White,1,8.99,8.99,5217,30029.4258
874,"Racing Socks, M",SO-R809-M,White,1,8.99,8.99,5217,30029.4258
874,"Racing Socks, M",SO-R809-M,White,1,8.99,8.99,5217,30029.4258
874,"Racing Socks, M",SO-R809-M,White,1,8.99,8.99,5217,30029.4258
874,"Racing Socks, M",SO-R809-M,White,1,8.99,8.99,5217,30029.4258
874,"Racing Socks, M",SO-R809-M,White,1,8.99,8.99,5217,30029.4258
874,"Racing Socks, M",SO-R809-M,White,1,8.99,8.99,5217,30029.4258
874,"Racing Socks, M",SO-R809-M,White,1,8.99,8.99,5217,30029.4258
874,"Racing Socks, M",SO-R809-M,White,1,8.99,8.99,5217,30029.4258
874,"Racing Socks, M",SO-R809-M,White,1,8.99,8.99,5217,30029.4258
874,"Racing Socks, M",SO-R809-M,White,1,8.99,8.99,5217,30029.4258
874,"Racing Socks, M",SO-R809-M,White,1,8.99,8.99,5217,30029.4258
874,"Racing Socks, M",SO-R809-M,White,1,8.99,8.99,5217,30029.4258
874,"Racing Socks, M",SO-R809-M,White,1,8.99,8.99,5217,30029.4258
874,"Racing Socks, M",SO-R809-M,White,1,8.99,8.99,5217,30029.4258
874,"Racing Socks, M",SO-R809-M,White,4,5.394,21.576,5217,30029.4258
874,"Racing Socks, M",SO-R809-M,White,4,5.394,21.576,5217,30029.4258
874,"Racing Socks, M",SO-R809-M,White,2,5.394,10.788,5217,30029.4258
874,"Racing Socks, M",SO-R809-M,White,3,5.394,16.182,5217,30029.4258
874,"Racing Socks, M",SO-R809-M,White,1,5.394,5.394,5217,30029.4258
874,"Racing Socks, M",SO-R809-M,White,5,5.394,26.97,5217,30029.4258
874,"Racing Socks, M",SO-R809-M,White,9,5.394,48.546,5217,30029.4258
874,"Racing Socks, M",SO-R809-M,White,1,5.394,5.394,5217,30029.4258
874,"Racing Socks, M",SO-R809-M,White,1,5.394,5.394,5217,30029.4258
874,"Racing Socks, M",SO-R809-M,White,1,8.99,8.99,5217,30029.4258
874,"Racing Socks, M",SO-R809-M,White,1,8.99,8.99,5217,30029.4258
874,"Racing Socks, M",SO-R809-M,White,1,8.99,8.99,5217,30029.4258
874,"Racing Socks, M",SO-R809-M,White,1,8.99,8.99,5217,30029.4258
874,"Racing Socks, M",SO-R809-M,White,3,5.394,16.182,5217,30029.4258
874,"Racing Socks, M",SO-R809-M,White,1,8.99,8.99,5217,30029.4258
874,"Racing Socks, M",SO-R809-M,White,1,8.99,8.99,5217,30029.4258
874,"Racing Socks, M",SO-R809-M,White,1,8.99,8.99,5217,30029.4258
874,"Racing Socks, M",SO-R809-M,White,1,8.99,8.99,5217,30029.4258
874,"Racing Socks, M",SO-R809-M,White,1,8.99,8.99,5217,30029.4258
874,"Racing Socks, M",SO-R809-M,White,1,8.99,8.99,5217,30029.4258
874,"Racing Socks, M",SO-R809-M,White,1,8.99,8.99,5217,30029.4258
874,"Racing Socks, M",SO-R809-M,White,1,8.99,8.99,5217,30029.4258
874,"Racing Socks, M",SO-R809-M,White,1,8.99,8.99,5217,30029.4258
874,"Racing Socks, M",SO-R809-M,White,1,8.99,8.99,5217,30029.4258
874,"Racing Socks, M",SO-R809-M,White,1,8.99,8.99,5217,30029.4258
874,"Racing Socks, M",SO-R809-M,White,1,8.99,8.99,5217,30029.4258
874,"Racing Socks, M",SO-R809-M,White,1,8.99,8.99,5217,30029.4258
874,"Racing Socks, M",SO-R809-M,White,1,8.99,8.99,5217,30029.4258
874,"Racing Socks, M",SO-R809-M,White,1,8.99,8.99,5217,30029.4258
874,"Racing Socks, M",SO-R809-M,White,1,8.99,8.99,5217,30029.4258
874,"Racing Socks, M",SO-R809-M,White,1,8.99,8.99,5217,30029.4258
874,"Racing Socks, M",SO-R809-M,White,1,8.99,8.99,5217,30029.4258
874,"Racing Socks, M",SO-R809-M,White,1,8.99,8.99,5217,30029.4258
874,"Racing Socks, M",SO-R809-M,White,1,8.99,8.99,5217,30029.4258
874,"Racing Socks, M",SO-R809-M,White,1,8.99,8.99,5217,30029.4258
874,"Racing Socks, M",SO-R809-M,White,1,8.99,8.99,5217,30029.4258
874,"Racing Socks, M",SO-R809-M,White,1,8.99,8.99,5217,30029.4258
874,"Racing Socks, M",SO-R809-M,White,1,8.99,8.99,5217,30029.4258
874,"Racing Socks, M",SO-R809-M,White,1,8.99,8.99,5217,30029.4258
874,"Racing Socks, M",SO-R809-M,White,1,8.99,8.99,5217,30029.4258
874,"Racing Socks, M",SO-R809-M,White,1,8.99,8.99,5217,30029.4258
874,"Racing Socks, M",SO-R809-M,White,4,5.394,21.576,5217,30029.4258
874,"Racing Socks, M",SO-R809-M,White,3,5.394,16.182,5217,30029.4258
874,"Racing Socks, M",SO-R809-M,White,5,5.394,26.97,5217,30029.4258
874,"Racing Socks, M",SO-R809-M,White,2,5.394,10.788,5217,30029.4258
874,"Racing Socks, M",SO-R809-M,White,2,5.394,10.788,5217,30029.4258
874,"Racing Socks, M",SO-R809-M,White,1,5.394,5.394,5217,30029.4258
874,"Racing Socks, M",SO-R809-M,White,1,5.394,5.394,5217,30029.4258
874,"Racing Socks, M",SO-R809-M,White,2,5.394,10.788,5217,30029.4258
874,"Racing Socks, M",SO-R809-M,White,3,5.394,16.182,5217,30029.4258
874,"Racing Socks, M",SO-R809-M,White,3,5.394,16.182,5217,30029.4258
874,"Racing Socks, M",SO-R809-M,White,3,5.394,16.182,5217,30029.4258
874,"Racing Socks, M",SO-R809-M,White,1,5.394,5.394,5217,30029.4258
874,"Racing Socks, M",SO-R809-M,White,1,5.394,5.394,5217,30029.4258
874,"Racing Socks, M",SO-R809-M,White,3,5.394,16.182,5217,30029.4258
874,"Racing Socks, M",SO-R809-M,White,3,5.394,16.182,5217,30029.4258
874,"Racing Socks, M",SO-R809-M,White,1,5.394,5.394,5217,30029.4258
874,"Racing Socks, M",SO-R809-M,White,3,5.394,16.182,5217,30029.4258
874,"Racing Socks, M",SO-R809-M,White,3,5.394,16.182,5217,30029.4258
874,"Racing Socks, M",SO-R809-M,White,4,5.394,21.576,5217,30029.4258
874,"Racing Socks, M",SO-R809-M,White,1,5.394,5.394,5217,30029.4258
874,"Racing Socks, M",SO-R809-M,White,2,5.394,10.788,5217,30029.4258
874,"Racing Socks, M",SO-R809-M,White,1,5.394,5.394,5217,30029.4258
874,"Racing Socks, M",SO-R809-M,White,3,5.394,16.182,5217,30029.4258
874,"Racing Socks, M",SO-R809-M,White,2,5.394,10.788,5217,30029.4258
874,"Racing Socks, M",SO-R809-M,White,4,5.394,21.576,5217,30029.4258
874,"Racing Socks, M",SO-R809-M,White,6,5.394,32.364,5217,30029.4258
874,"Racing Socks, M",SO-R809-M,White,5,5.394,26.97,5217,30029.4258
874,"Racing Socks, M",SO-R809-M,White,1,8.99,8.99,5217,30029.4258
874,"Racing Socks, M",SO-R809-M,White,1,8.99,8.99,5217,30029.4258
874,"Racing Socks, M",SO-R809-M,White,1,8.99,8.99,5217,30029.4258
874,"Racing Socks, M",SO-R809-M,White,1,8.99,8.99,5217,30029.4258
874,"Racing Socks, M",SO-R809-M,White,1,8.99,8.99,5217,30029.4258
874,"Racing Socks, M",SO-R809-M,White,1,8.99,8.99,5217,30029.4258
874,"Racing Socks, M",SO-R809-M,White,1,8.99,8.99,5217,30029.4258
874,"Racing Socks, M",SO-R809-M,White,1,8.99,8.99,5217,30029.4258
874,"Racing Socks, M",SO-R809-M,White,1,8.99,8.99,5217,30029.4258
874,"Racing Socks, M",SO-R809-M,White,1,8.99,8.99,5217,30029.4258
874,"Racing Socks, M",SO-R809-M,White,1,8.99,8.99,5217,30029.4258
874,"Racing Socks, M",SO-R809-M,White,1,8.99,8.99,5217,30029.4258
874,"Racing Socks, M",SO-R809-M,White,1,8.99,8.99,5217,30029.4258
874,"Racing Socks, M",SO-R809-M,White,1,8.99,8.99,5217,30029.4258
874,"Racing Socks, M",SO-R809-M,White,1,8.99,8.99,5217,30029.4258
874,"Racing Socks, M",SO-R809-M,White,1,8.99,8.99,5217,30029.4258
874,"Racing Socks, M",SO-R809-M,White,1,8.99,8.99,5217,30029.4258
874,"Racing Socks, M",SO-R809-M,White,1,8.99,8.99,5217,30029.4258
874,"Racing Socks, M",SO-R809-M,White,1,8.99,8.99,5217,30029.4258
874,"Racing Socks, M",SO-R809-M,White,1,8.99,8.99,5217,30029.4258
874,"Racing Socks, M",SO-R809-M,White,1,8.99,8.99,5217,30029.4258
874,"Racing Socks, M",SO-R809-M,White,1,8.99,8.99,5217,30029.4258
874,"Racing Socks, M",SO-R809-M,White,1,8.99,8.99,5217,30029.4258
874,"Racing Socks, M",SO-R809-M,White,1,8.99,8.99,5217,30029.4258
874,"Racing Socks, M",SO-R809-M,White,2,5.394,10.788,5217,30029.4258
874,"Racing Socks, M",SO-R809-M,White,1,5.394,5.394,5217,30029.4258
874,"Racing Socks, M",SO-R809-M,White,2,5.394,10.788,5217,30029.4258
874,"Racing Socks, M",SO-R809-M,White,5,5.394,26.97,5217,30029.4258
874,"Racing Socks, M",SO-R809-M,White,2,5.394,10.788,5217,30029.4258
874,"Racing Socks, M",SO-R809-M,White,2,5.394,10.788,5217,30029.4258
874,"Racing Socks, M",SO-R809-M,White,3,5.394,16.182,5217,30029.4258
874,"Racing Socks, M",SO-R809-M,White,2,5.394,10.788,5217,30029.4258
874,"Racing Socks, M",SO-R809-M,White,1,5.394,5.394,5217,30029.4258
874,"Racing Socks, M",SO-R809-M,White,1,5.394,5.394,5217,30029.4258
874,"Racing Socks, M",SO-R809-M,White,4,5.394,21.576,5217,30029.4258
874,"Racing Socks, M",SO-R809-M,White,2,5.394,10.788,5217,30029.4258
874,"Racing Socks, M",SO-R809-M,White,4,5.394,21.576,5217,30029.4258
874,"Racing Socks, M",SO-R809-M,White,4,5.394,21.576,5217,30029.4258
874,"Racing Socks, M",SO-R809-M,White,3,5.394,16.182,5217,30029.4258
874,"Racing Socks, M",SO-R809-M,White,3,5.394,16.182,5217,30029.4258
874,"Racing Socks, M",SO-R809-M,White,2,5.394,10.788,5217,30029.4258
874,"Racing Socks, M",SO-R809-M,White,2,5.394,10.788,5217,30029.4258
874,"Racing Socks, M",SO-R809-M,White,5,5.394,26.97,5217,30029.4258
874,"Racing Socks, M",SO-R809-M,White,3,5.394,16.182,5217,30029.4258
874,"Racing Socks, M",SO-R809-M,White,1,8.99,8.99,5217,30029.4258
874,"Racing Socks, M",SO-R809-M,White,1,8.99,8.99,5217,30029.4258
874,"Racing Socks, M",SO-R809-M,White,1,8.99,8.99,5217,30029.4258
874,"Racing Socks, M",SO-R809-M,White,1,8.99,8.99,5217,30029.4258
874,"Racing Socks, M",SO-R809-M,White,1,8.99,8.99,5217,30029.4258
874,"Racing Socks, M",SO-R809-M,White,1,8.99,8.99,5217,30029.4258
874,"Racing Socks, M",SO-R809-M,White,1,8.99,8.99,5217,30029.4258
874,"Racing Socks, M",SO-R809-M,White,1,8.99,8.99,5217,30029.4258
874,"Racing Socks, M",SO-R809-M,White,1,8.99,8.99,5217,30029.4258
874,"Racing Socks, M",SO-R809-M,White,1,5.394,5.394,5217,30029.4258
874,"Racing Socks, M",SO-R809-M,White,1,8.99,8.99,5217,30029.4258
874,"Racing Socks, M",SO-R809-M,White,1,8.99,8.99,5217,30029.4258
874,"Racing Socks, M",SO-R809-M,White,1,8.99,8.99,5217,30029.4258
874,"Racing Socks, M",SO-R809-M,White,1,8.99,8.99,5217,30029.4258
874,"Racing Socks, M",SO-R809-M,White,1,8.99,8.99,5217,30029.4258
874,"Racing Socks, M",SO-R809-M,White,1,8.99,8.99,5217,30029.4258
874,"Racing Socks, M",SO-R809-M,White,1,8.99,8.99,5217,30029.4258
874,"Racing Socks, M",SO-R809-M,White,1,8.99,8.99,5217,30029.4258
874,"Racing Socks, M",SO-R809-M,White,1,8.99,8.99,5217,30029.4258
874,"Racing Socks, M",SO-R809-M,White,1,8.99,8.99,5217,30029.4258
874,"Racing Socks, M",SO-R809-M,White,1,8.99,8.99,5217,30029.4258
874,"Racing Socks, M",SO-R809-M,White,1,8.99,8.99,5217,30029.4258
874,"Racing Socks, M",SO-R809-M,White,1,8.99,8.99,5217,30029.4258
874,"Racing Socks, M",SO-R809-M,White,1,8.99,8.99,5217,30029.4258
874,"Racing Socks, M",SO-R809-M,White,3,5.394,16.182,5217,30029.4258
874,"Racing Socks, M",SO-R809-M,White,10,5.394,53.94,5217,30029.4258
874,"Racing Socks, M",SO-R809-M,White,4,5.394,21.576,5217,30029.4258
874,"Racing Socks, M",SO-R809-M,White,2,5.394,10.788,5217,30029.4258
874,"Racing Socks, M",SO-R809-M,White,6,5.394,32.364,5217,30029.4258
874,"Racing Socks, M",SO-R809-M,White,12,5.2142,62.5704,5217,30029.4258
874,"Racing Socks, M",SO-R809-M,White,5,5.394,26.97,5217,30029.4258
874,"Racing Socks, M",SO-R809-M,White,7,5.394,37.758,5217,30029.4258
874,"Racing Socks, M",SO-R809-M,White,4,5.394,21.576,5217,30029.4258
874,"Racing Socks, M",SO-R809-M,White,6,5.394,32.364,5217,30029.4258
874,"Racing Socks, M",SO-R809-M,White,1,8.99,8.99,5217,30029.4258
874,"Racing Socks, M",SO-R809-M,White,1,8.99,8.99,5217,30029.4258
874,"Racing Socks, M",SO-R809-M,White,1,8.99,8.99,5217,30029.4258
874,"Racing Socks, M",SO-R809-M,White,1,8.99,8.99,5217,30029.4258
874,"Racing Socks, M",SO-R809-M,White,1,8.99,8.99,5217,30029.4258
874,"Racing Socks, M",SO-R809-M,White,1,8.99,8.99,5217,30029.4258
874,"Racing Socks, M",SO-R809-M,White,1,8.99,8.99,5217,30029.4258
874,"Racing Socks, M",SO-R809-M,White,1,8.99,8.99,5217,30029.4258
874,"Racing Socks, M",SO-R809-M,White,1,8.99,8.99,5217,30029.4258
874,"Racing Socks, M",SO-R809-M,White,1,8.99,8.99,5217,30029.4258
874,"Racing Socks, M",SO-R809-M,White,1,8.99,8.99,5217,30029.4258
874,"Racing Socks, M",SO-R809-M,White,1,8.99,8.99,5217,30029.4258
874,"Racing Socks, M",SO-R809-M,White,1,8.99,8.99,5217,30029.4258
874,"Racing Socks, M",SO-R809-M,White,1,8.99,8.99,5217,30029.4258
874,"Racing Socks, M",SO-R809-M,White,1,8.99,8.99,5217,30029.4258
874,"Racing Socks, M",SO-R809-M,White,1,8.99,8.99,5217,30029.4258
874,"Racing Socks, M",SO-R809-M,White,1,8.99,8.99,5217,30029.4258
874,"Racing Socks, M",SO-R809-M,White,1,8.99,8.99,5217,30029.4258
874,"Racing Socks, M",SO-R809-M,White,1,8.99,8.99,5217,30029.4258
874,"Racing Socks, M",SO-R809-M,White,1,8.99,8.99,5217,30029.4258
874,"Racing Socks, M",SO-R809-M,White,1,8.99,8.99,5217,30029.4258
874,"Racing Socks, M",SO-R809-M,White,2,5.394,10.788,5217,30029.4258
874,"Racing Socks, M",SO-R809-M,White,2,5.394,10.788,5217,30029.4258
874,"Racing Socks, M",SO-R809-M,White,2,5.394,10.788,5217,30029.4258
874,"Racing Socks, M",SO-R809-M,White,6,5.394,32.364,5217,30029.4258
874,"Racing Socks, M",SO-R809-M,White,10,5.394,53.94,5217,30029.4258
874,"Racing Socks, M",SO-R809-M,White,8,5.394,43.152,5217,30029.4258
874,"Racing Socks, M",SO-R809-M,White,10,5.394,53.94,5217,30029.4258
874,"Racing Socks, M",SO-R809-M,White,6,5.394,32.364,5217,30029.4258
874,"Racing Socks, M",SO-R809-M,White,8,5.394,43.152,5217,30029.4258
874,"Racing Socks, M",SO-R809-M,White,2,5.394,10.788,5217,30029.4258
874,"Racing Socks, M",SO-R809-M,White,6,5.394,32.364,5217,30029.4258
874,"Racing Socks, M",SO-R809-M,White,2,5.394,10.788,5217,30029.4258
874,"Racing Socks, M",SO-R809-M,White,8,5.394,43.152,5217,30029.4258
874,"Racing Socks, M",SO-R809-M,White,6,5.394,32.364,5217,30029.4258
874,"Racing Socks, M",SO-R809-M,White,12,5.2142,62.5704,5217,30029.4258
874,"Racing Socks, M",SO-R809-M,White,2,5.394,10.788,5217,30029.4258
874,"Racing Socks, M",SO-R809-M,White,4,5.394,21.576,5217,30029.4258
874,"Racing Socks, M",SO-R809-M,White,5,5.394,26.97,5217,30029.4258
874,"Racing Socks, M",SO-R809-M,White,4,5.394,21.576,5217,30029.4258
874,"Racing Socks, M",SO-R809-M,White,2,5.394,10.788,5217,30029.4258
874,"Racing Socks, M",SO-R809-M,White,6,5.394,32.364,5217,30029.4258
874,"Racing Socks, M",SO-R809-M,White,10,5.394,53.94,5217,30029.4258
874,"Racing Socks, M",SO-R809-M,White,5,5.394,26.97,5217,30029.4258
874,"Racing Socks, M",SO-R809-M,White,2,5.394,10.788,5217,30029.4258
874,"Racing Socks, M",SO-R809-M,White,3,5.394,16.182,5217,30029.4258
874,"Racing Socks, M",SO-R809-M,White,2,5.394,10.788,5217,30029.4258
874,"Racing Socks, M",SO-R809-M,White,8,5.394,43.152,5217,30029.4258
874,"Racing Socks, M",SO-R809-M,White,4,5.394,21.576,5217,30029.4258
874,"Racing Socks, M",SO-R809-M,White,2,5.394,10.788,5217,30029.4258
874,"Racing Socks, M",SO-R809-M,White,1,8.99,8.99,5217,30029.4258
874,"Racing Socks, M",SO-R809-M,White,1,8.99,8.99,5217,30029.4258
874,"Racing Socks, M",SO-R809-M,White,1,5.394,5.394,5217,30029.4258
874,"Racing Socks, M",SO-R809-M,White,3,5.394,16.182,5217,30029.4258
874,"Racing Socks, M",SO-R809-M,White,1,8.99,8.99,5217,30029.4258
874,"Racing Socks, M",SO-R809-M,White,1,8.99,8.99,5217,30029.4258
874,"Racing Socks, M",SO-R809-M,White,1,8.99,8.99,5217,30029.4258
874,"Racing Socks, M",SO-R809-M,White,1,8.99,8.99,5217,30029.4258
874,"Racing Socks, M",SO-R809-M,White,1,8.99,8.99,5217,30029.4258
874,"Racing Socks, M",SO-R809-M,White,1,8.99,8.99,5217,30029.4258
874,"Racing Socks, M",SO-R809-M,White,1,8.99,8.99,5217,30029.4258
874,"Racing Socks, M",SO-R809-M,White,1,8.99,8.99,5217,30029.4258
874,"Racing Socks, M",SO-R809-M,White,1,8.99,8.99,5217,30029.4258
874,"Racing Socks, M",SO-R809-M,White,1,8.99,8.99,5217,30029.4258
874,"Racing Socks, M",SO-R809-M,White,1,8.99,8.99,5217,30029.4258
874,"Racing Socks, M",SO-R809-M,White,1,8.99,8.99,5217,30029.4258
874,"Racing Socks, M",SO-R809-M,White,1,8.99,8.99,5217,30029.4258
874,"Racing Socks, M",SO-R809-M,White,1,8.99,8.99,5217,30029.4258
874,"Racing Socks, M",SO-R809-M,White,1,8.99,8.99,5217,30029.4258
874,"Racing Socks, M",SO-R809-M,White,1,8.99,8.99,5217,30029.4258
874,"Racing Socks, M",SO-R809-M,White,1,8.99,8.99,5217,30029.4258
874,"Racing Socks, M",SO-R809-M,White,1,8.99,8.99,5217,30029.4258
874,"Racing Socks, M",SO-R809-M,White,1,8.99,8.99,5217,30029.4258
874,"Racing Socks, M",SO-R809-M,White,1,8.99,8.99,5217,30029.4258
874,"Racing Socks, M",SO-R809-M,White,1,8.99,8.99,5217,30029.4258
874,"Racing Socks, M",SO-R809-M,White,1,8.99,8.99,5217,30029.4258
874,"Racing Socks, M",SO-R809-M,White,1,8.99,8.99,5217,30029.4258
874,"Racing Socks, M",SO-R809-M,White,6,5.394,32.364,5217,30029.4258
874,"Racing Socks, M",SO-R809-M,White,2,5.394,10.788,5217,30029.4258
874,"Racing Socks, M",SO-R809-M,White,8,5.394,43.152,5217,30029.4258
874,"Racing Socks, M",SO-R809-M,White,8,5.394,43.152,5217,30029.4258
874,"Racing Socks, M",SO-R809-M,White,2,5.394,10.788,5217,30029.4258
874,"Racing Socks, M",SO-R809-M,White,4,5.394,21.576,5217,30029.4258
874,"Racing Socks, M",SO-R809-M,White,4,5.394,21.576,5217,30029.4258
874,"Racing Socks, M",SO-R809-M,White,2,5.394,10.788,5217,30029.4258
874,"Racing Socks, M",SO-R809-M,White,10,5.394,53.94,5217,30029.4258
874,"Racing Socks, M",SO-R809-M,White,6,5.394,32.364,5217,30029.4258
874,"Racing Socks, M",SO-R809-M,White,2,5.394,10.788,5217,30029.4258
874,"Racing Socks, M",SO-R809-M,White,2,5.394,10.788,5217,30029.4258
874,"Racing Socks, M",SO-R809-M,White,2,5.394,10.788,5217,30029.4258
874,"Racing Socks, M",SO-R809-M,White,4,5.394,21.576,5217,30029.4258
874,"Racing Socks, M",SO-R809-M,White,1,5.394,5.394,5217,30029.4258
874,"Racing Socks, M",SO-R809-M,White,4,5.394,21.576,5217,30029.4258
874,"Racing Socks, M",SO-R809-M,White,4,5.394,21.576,5217,30029.4258
874,"Racing Socks, M",SO-R809-M,White,3,5.394,16.182,5217,30029.4258
874,"Racing Socks, M",SO-R809-M,White,4,5.394,21.576,5217,30029.4258
874,"Racing Socks, M",SO-R809-M,White,6,5.394,32.364,5217,30029.4258
874,"Racing Socks, M",SO-R809-M,White,1,5.394,5.394,5217,30029.4258
874,"Racing Socks, M",SO-R809-M,White,1,8.99,8.99,5217,30029.4258
874,"Racing Socks, M",SO-R809-M,White,1,8.99,8.99,5217,30029.4258
874,"Racing Socks, M",SO-R809-M,White,6,5.394,32.364,5217,30029.4258
874,"Racing Socks, M",SO-R809-M,White,1,8.99,8.99,5217,30029.4258
874,"Racing Socks, M",SO-R809-M,White,1,8.99,8.99,5217,30029.4258
874,"Racing Socks, M",SO-R809-M,White,1,8.99,8.99,5217,30029.4258
874,"Racing Socks, M",SO-R809-M,White,1,8.99,8.99,5217,30029.4258
874,"Racing Socks, M",SO-R809-M,White,1,8.99,8.99,5217,30029.4258
874,"Racing Socks, M",SO-R809-M,White,1,8.99,8.99,5217,30029.4258
874,"Racing Socks, M",SO-R809-M,White,1,8.99,8.99,5217,30029.4258
874,"Racing Socks, M",SO-R809-M,White,1,8.99,8.99,5217,30029.4258
874,"Racing Socks, M",SO-R809-M,White,1,8.99,8.99,5217,30029.4258
874,"Racing Socks, M",SO-R809-M,White,1,8.99,8.99,5217,30029.4258
874,"Racing Socks, M",SO-R809-M,White,1,8.99,8.99,5217,30029.4258
874,"Racing Socks, M",SO-R809-M,White,1,8.99,8.99,5217,30029.4258
874,"Racing Socks, M",SO-R809-M,White,1,8.99,8.99,5217,30029.4258
874,"Racing Socks, M",SO-R809-M,White,1,8.99,8.99,5217,30029.4258
874,"Racing Socks, M",SO-R809-M,White,1,8.99,8.99,5217,30029.4258
874,"Racing Socks, M",SO-R809-M,White,1,8.99,8.99,5217,30029.4258
874,"Racing Socks, M",SO-R809-M,White,1,8.99,8.99,5217,30029.4258
874,"Racing Socks, M",SO-R809-M,White,1,8.99,8.99,5217,30029.4258
874,"Racing Socks, M",SO-R809-M,White,1,8.99,8.99,5217,30029.4258
874,"Racing Socks, M",SO-R809-M,White,1,8.99,8.99,5217,30029.4258
874,"Racing Socks, M",SO-R809-M,White,1,8.99,8.99,5217,30029.4258
874,"Racing Socks, M",SO-R809-M,White,1,8.99,8.99,5217,30029.4258
874,"Racing Socks, M",SO-R809-M,White,1,8.99,8.99,5217,30029.4258
874,"Racing Socks, M",SO-R809-M,White,1,8.99,8.99,5217,30029.4258
874,"Racing Socks, M",SO-R809-M,White,1,8.99,8.99,5217,30029.4258
874,"Racing Socks, M",SO-R809-M,White,1,8.99,8.99,5217,30029.4258
874,"Racing Socks, M",SO-R809-M,White,1,8.99,8.99,5217,30029.4258
874,"Racing Socks, M",SO-R809-M,White,1,8.99,8.99,5217,30029.4258
874,"Racing Socks, M",SO-R809-M,White,1,8.99,8.99,5217,30029.4258
874,"Racing Socks, M",SO-R809-M,White,1,8.99,8.99,5217,30029.4258
874,"Racing Socks, M",SO-R809-M,White,1,8.99,8.99,5217,30029.4258
874,"Racing Socks, M",SO-R809-M,White,1,8.99,8.99,5217,30029.4258
874,"Racing Socks, M",SO-R809-M,White,1,8.99,8.99,5217,30029.4258
874,"Racing Socks, M",SO-R809-M,White,1,8.99,8.99,5217,30029.4258
874,"Racing Socks, M",SO-R809-M,White,1,8.99,8.99,5217,30029.4258
874,"Racing Socks, M",SO-R809-M,White,1,8.99,8.99,5217,30029.4258
874,"Racing Socks, M",SO-R809-M,White,1,8.99,8.99,5217,30029.4258
874,"Racing Socks, M",SO-R809-M,White,1,8.99,8.99,5217,30029.4258
875,"Racing Socks, L",SO-R809-L,White,1,8.99,8.99,5217,30029.4258
875,"Racing Socks, L",SO-R809-L,White,1,8.99,8.99,5217,30029.4258
875,"Racing Socks, L",SO-R809-L,White,1,8.99,8.99,5217,30029.4258
875,"Racing Socks, L",SO-R809-L,White,1,8.99,8.99,5217,30029.4258
875,"Racing Socks, L",SO-R809-L,White,1,8.99,8.99,5217,30029.4258
875,"Racing Socks, L",SO-R809-L,White,1,8.99,8.99,5217,30029.4258
875,"Racing Socks, L",SO-R809-L,White,1,8.99,8.99,5217,30029.4258
875,"Racing Socks, L",SO-R809-L,White,1,8.99,8.99,5217,30029.4258
875,"Racing Socks, L",SO-R809-L,White,1,8.99,8.99,5217,30029.4258
875,"Racing Socks, L",SO-R809-L,White,1,8.99,8.99,5217,30029.4258
875,"Racing Socks, L",SO-R809-L,White,1,8.99,8.99,5217,30029.4258
875,"Racing Socks, L",SO-R809-L,White,1,8.99,8.99,5217,30029.4258
875,"Racing Socks, L",SO-R809-L,White,1,8.99,8.99,5217,30029.4258
875,"Racing Socks, L",SO-R809-L,White,1,8.99,8.99,5217,30029.4258
875,"Racing Socks, L",SO-R809-L,White,1,8.99,8.99,5217,30029.4258
875,"Racing Socks, L",SO-R809-L,White,1,8.99,8.99,5217,30029.4258
875,"Racing Socks, L",SO-R809-L,White,1,8.99,8.99,5217,30029.4258
875,"Racing Socks, L",SO-R809-L,White,1,8.99,8.99,5217,30029.4258
875,"Racing Socks, L",SO-R809-L,White,1,8.99,8.99,5217,30029.4258
875,"Racing Socks, L",SO-R809-L,White,1,8.99,8.99,5217,30029.4258
875,"Racing Socks, L",SO-R809-L,White,1,8.99,8.99,5217,30029.4258
875,"Racing Socks, L",SO-R809-L,White,1,8.99,8.99,5217,30029.4258
875,"Racing Socks, L",SO-R809-L,White,1,8.99,8.99,5217,30029.4258
875,"Racing Socks, L",SO-R809-L,White,1,8.99,8.99,5217,30029.4258
875,"Racing Socks, L",SO-R809-L,White,1,8.99,8.99,5217,30029.4258
875,"Racing Socks, L",SO-R809-L,White,1,8.99,8.99,5217,30029.4258
875,"Racing Socks, L",SO-R809-L,White,1,8.99,8.99,5217,30029.4258
875,"Racing Socks, L",SO-R809-L,White,1,8.99,8.99,5217,30029.4258
875,"Racing Socks, L",SO-R809-L,White,1,8.99,8.99,5217,30029.4258
875,"Racing Socks, L",SO-R809-L,White,1,8.99,8.99,5217,30029.4258
875,"Racing Socks, L",SO-R809-L,White,1,8.99,8.99,5217,30029.4258
875,"Racing Socks, L",SO-R809-L,White,1,8.99,8.99,5217,30029.4258
875,"Racing Socks, L",SO-R809-L,White,1,8.99,8.99,5217,30029.4258
875,"Racing Socks, L",SO-R809-L,White,1,8.99,8.99,5217,30029.4258
875,"Racing Socks, L",SO-R809-L,White,1,8.99,8.99,5217,30029.4258
875,"Racing Socks, L",SO-R809-L,White,5,5.394,26.97,5217,30029.4258
875,"Racing Socks, L",SO-R809-L,White,1,8.99,8.99,5217,30029.4258
875,"Racing Socks, L",SO-R809-L,White,1,8.99,8.99,5217,30029.4258
875,"Racing Socks, L",SO-R809-L,White,1,8.99,8.99,5217,30029.4258
875,"Racing Socks, L",SO-R809-L,White,1,8.99,8.99,5217,30029.4258
875,"Racing Socks, L",SO-R809-L,White,1,8.99,8.99,5217,30029.4258
875,"Racing Socks, L",SO-R809-L,White,3,5.394,16.182,5217,30029.4258
875,"Racing Socks, L",SO-R809-L,White,10,5.394,53.94,5217,30029.4258
875,"Racing Socks, L",SO-R809-L,White,2,5.394,10.788,5217,30029.4258
875,"Racing Socks, L",SO-R809-L,White,13,5.2142,67.7846,5217,30029.4258
875,"Racing Socks, L",SO-R809-L,White,14,5.2142,72.9988,5217,30029.4258
875,"Racing Socks, L",SO-R809-L,White,14,5.2142,72.9988,5217,30029.4258
875,"Racing Socks, L",SO-R809-L,White,1,5.394,5.394,5217,30029.4258
875,"Racing Socks, L",SO-R809-L,White,7,5.394,37.758,5217,30029.4258
875,"Racing Socks, L",SO-R809-L,White,4,5.394,21.576,5217,30029.4258
875,"Racing Socks, L",SO-R809-L,White,10,5.394,53.94,5217,30029.4258
875,"Racing Socks, L",SO-R809-L,White,3,5.394,16.182,5217,30029.4258
875,"Racing Socks, L",SO-R809-L,White,9,5.394,48.546,5217,30029.4258
875,"Racing Socks, L",SO-R809-L,White,10,5.394,53.94,5217,30029.4258
875,"Racing Socks, L",SO-R809-L,White,11,5.2142,57.3562,5217,30029.4258
875,"Racing Socks, L",SO-R809-L,White,24,4.9445,118.668,5217,30029.4258
875,"Racing Socks, L",SO-R809-L,White,2,5.394,10.788,5217,30029.4258
875,"Racing Socks, L",SO-R809-L,White,3,5.394,16.182,5217,30029.4258
875,"Racing Socks, L",SO-R809-L,White,8,5.394,43.152,5217,30029.4258
875,"Racing Socks, L",SO-R809-L,White,2,5.394,10.788,5217,30029.4258
875,"Racing Socks, L",SO-R809-L,White,5,5.394,26.97,5217,30029.4258
875,"Racing Socks, L",SO-R809-L,White,2,5.394,10.788,5217,30029.4258
875,"Racing Socks, L",SO-R809-L,White,2,5.394,10.788,5217,30029.4258
875,"Racing Socks, L",SO-R809-L,White,7,5.394,37.758,5217,30029.4258
875,"Racing Socks, L",SO-R809-L,White,3,5.394,16.182,5217,30029.4258
875,"Racing Socks, L",SO-R809-L,White,16,4.9445,79.112,5217,30029.4258
875,"Racing Socks, L",SO-R809-L,White,3,5.394,16.182,5217,30029.4258
875,"Racing Socks, L",SO-R809-L,White,4,5.394,21.576,5217,30029.4258
875,"Racing Socks, L",SO-R809-L,White,4,5.394,21.576,5217,30029.4258
875,"Racing Socks, L",SO-R809-L,White,5,5.394,26.97,5217,30029.4258
875,"Racing Socks, L",SO-R809-L,White,1,5.394,5.394,5217,30029.4258
875,"Racing Socks, L",SO-R809-L,White,1,8.99,8.99,5217,30029.4258
875,"Racing Socks, L",SO-R809-L,White,1,8.99,8.99,5217,30029.4258
875,"Racing Socks, L",SO-R809-L,White,1,8.99,8.99,5217,30029.4258
875,"Racing Socks, L",SO-R809-L,White,1,8.99,8.99,5217,30029.4258
875,"Racing Socks, L",SO-R809-L,White,1,8.99,8.99,5217,30029.4258
875,"Racing Socks, L",SO-R809-L,White,1,8.99,8.99,5217,30029.4258
875,"Racing Socks, L",SO-R809-L,White,1,8.99,8.99,5217,30029.4258
875,"Racing Socks, L",SO-R809-L,White,1,8.99,8.99,5217,30029.4258
875,"Racing Socks, L",SO-R809-L,White,1,8.99,8.99,5217,30029.4258
875,"Racing Socks, L",SO-R809-L,White,1,8.99,8.99,5217,30029.4258
875,"Racing Socks, L",SO-R809-L,White,1,8.99,8.99,5217,30029.4258
875,"Racing Socks, L",SO-R809-L,White,1,8.99,8.99,5217,30029.4258
875,"Racing Socks, L",SO-R809-L,White,1,8.99,8.99,5217,30029.4258
875,"Racing Socks, L",SO-R809-L,White,1,8.99,8.99,5217,30029.4258
875,"Racing Socks, L",SO-R809-L,White,1,8.99,8.99,5217,30029.4258
875,"Racing Socks, L",SO-R809-L,White,1,8.99,8.99,5217,30029.4258
875,"Racing Socks, L",SO-R809-L,White,1,8.99,8.99,5217,30029.4258
875,"Racing Socks, L",SO-R809-L,White,1,8.99,8.99,5217,30029.4258
875,"Racing Socks, L",SO-R809-L,White,1,8.99,8.99,5217,30029.4258
875,"Racing Socks, L",SO-R809-L,White,1,8.99,8.99,5217,30029.4258
875,"Racing Socks, L",SO-R809-L,White,1,8.99,8.99,5217,30029.4258
875,"Racing Socks, L",SO-R809-L,White,1,8.99,8.99,5217,30029.4258
875,"Racing Socks, L",SO-R809-L,White,1,8.99,8.99,5217,30029.4258
875,"Racing Socks, L",SO-R809-L,White,1,8.99,8.99,5217,30029.4258
875,"Racing Socks, L",SO-R809-L,White,3,5.394,16.182,5217,30029.4258
875,"Racing Socks, L",SO-R809-L,White,1,8.99,8.99,5217,30029.4258
875,"Racing Socks, L",SO-R809-L,White,5,5.394,26.97,5217,30029.4258
875,"Racing Socks, L",SO-R809-L,White,4,5.394,21.576,5217,30029.4258
875,"Racing Socks, L",SO-R809-L,White,3,5.394,16.182,5217,30029.4258
875,"Racing Socks, L",SO-R809-L,White,3,5.394,16.182,5217,30029.4258
875,"Racing Socks, L",SO-R809-L,White,2,5.394,10.788,5217,30029.4258
875,"Racing Socks, L",SO-R809-L,White,6,5.394,32.364,5217,30029.4258
875,"Racing Socks, L",SO-R809-L,White,7,5.394,37.758,5217,30029.4258
875,"Racing Socks, L",SO-R809-L,White,5,5.394,26.97,5217,30029.4258
875,"Racing Socks, L",SO-R809-L,White,23,4.9445,113.7235,5217,30029.4258
875,"Racing Socks, L",SO-R809-L,White,20,4.9445,98.89,5217,30029.4258
875,"Racing Socks, L",SO-R809-L,White,2,5.394,10.788,5217,30029.4258
875,"Racing Socks, L",SO-R809-L,White,3,5.394,16.182,5217,30029.4258
875,"Racing Socks, L",SO-R809-L,White,3,5.394,16.182,5217,30029.4258
875,"Racing Socks, L",SO-R809-L,White,6,5.394,32.364,5217,30029.4258
875,"Racing Socks, L",SO-R809-L,White,5,5.394,26.97,5217,30029.4258
875,"Racing Socks, L",SO-R809-L,White,6,5.394,32.364,5217,30029.4258
875,"Racing Socks, L",SO-R809-L,White,6,5.394,32.364,5217,30029.4258
875,"Racing Socks, L",SO-R809-L,White,8,5.394,43.152,5217,30029.4258
875,"Racing Socks, L",SO-R809-L,White,3,5.394,16.182,5217,30029.4258
875,"Racing Socks, L",SO-R809-L,White,4,5.394,21.576,5217,30029.4258
875,"Racing Socks, L",SO-R809-L,White,7,5.394,37.758,5217,30029.4258
875,"Racing Socks, L",SO-R809-L,White,3,5.394,16.182,5217,30029.4258
875,"Racing Socks, L",SO-R809-L,White,3,5.394,16.182,5217,30029.4258
875,"Racing Socks, L",SO-R809-L,White,20,4.9445,98.89,5217,30029.4258
875,"Racing Socks, L",SO-R809-L,White,28,4.495,125.86,5217,30029.4258
875,"Racing Socks, L",SO-R809-L,White,2,5.394,10.788,5217,30029.4258
875,"Racing Socks, L",SO-R809-L,White,5,5.394,26.97,5217,30029.4258
875,"Racing Socks, L",SO-R809-L,White,9,5.394,48.546,5217,30029.4258
875,"Racing Socks, L",SO-R809-L,White,3,5.394,16.182,5217,30029.4258
875,"Racing Socks, L",SO-R809-L,White,6,5.394,32.364,5217,30029.4258
875,"Racing Socks, L",SO-R809-L,White,3,5.394,16.182,5217,30029.4258
875,"Racing Socks, L",SO-R809-L,White,7,5.394,37.758,5217,30029.4258
875,"Racing Socks, L",SO-R809-L,White,1,8.99,8.99,5217,30029.4258
875,"Racing Socks, L",SO-R809-L,White,1,8.99,8.99,5217,30029.4258
875,"Racing Socks, L",SO-R809-L,White,1,8.99,8.99,5217,30029.4258
875,"Racing Socks, L",SO-R809-L,White,1,8.99,8.99,5217,30029.4258
875,"Racing Socks, L",SO-R809-L,White,1,8.99,8.99,5217,30029.4258
875,"Racing Socks, L",SO-R809-L,White,1,8.99,8.99,5217,30029.4258
875,"Racing Socks, L",SO-R809-L,White,1,8.99,8.99,5217,30029.4258
875,"Racing Socks, L",SO-R809-L,White,1,8.99,8.99,5217,30029.4258
875,"Racing Socks, L",SO-R809-L,White,1,8.99,8.99,5217,30029.4258
875,"Racing Socks, L",SO-R809-L,White,1,8.99,8.99,5217,30029.4258
875,"Racing Socks, L",SO-R809-L,White,1,8.99,8.99,5217,30029.4258
875,"Racing Socks, L",SO-R809-L,White,1,8.99,8.99,5217,30029.4258
875,"Racing Socks, L",SO-R809-L,White,1,8.99,8.99,5217,30029.4258
875,"Racing Socks, L",SO-R809-L,White,1,8.99,8.99,5217,30029.4258
875,"Racing Socks, L",SO-R809-L,White,1,8.99,8.99,5217,30029.4258
875,"Racing Socks, L",SO-R809-L,White,1,8.99,8.99,5217,30029.4258
875,"Racing Socks, L",SO-R809-L,White,1,8.99,8.99,5217,30029.4258
875,"Racing Socks, L",SO-R809-L,White,1,8.99,8.99,5217,30029.4258
875,"Racing Socks, L",SO-R809-L,White,1,8.99,8.99,5217,30029.4258
875,"Racing Socks, L",SO-R809-L,White,1,8.99,8.99,5217,30029.4258
875,"Racing Socks, L",SO-R809-L,White,1,8.99,8.99,5217,30029.4258
875,"Racing Socks, L",SO-R809-L,White,1,8.99,8.99,5217,30029.4258
875,"Racing Socks, L",SO-R809-L,White,1,8.99,8.99,5217,30029.4258
875,"Racing Socks, L",SO-R809-L,White,1,8.99,8.99,5217,30029.4258
875,"Racing Socks, L",SO-R809-L,White,1,8.99,8.99,5217,30029.4258
875,"Racing Socks, L",SO-R809-L,White,1,8.99,8.99,5217,30029.4258
875,"Racing Socks, L",SO-R809-L,White,3,5.394,16.182,5217,30029.4258
875,"Racing Socks, L",SO-R809-L,White,3,5.394,16.182,5217,30029.4258
875,"Racing Socks, L",SO-R809-L,White,3,5.394,16.182,5217,30029.4258
875,"Racing Socks, L",SO-R809-L,White,2,5.394,10.788,5217,30029.4258
875,"Racing Socks, L",SO-R809-L,White,1,8.99,8.99,5217,30029.4258
875,"Racing Socks, L",SO-R809-L,White,1,8.99,8.99,5217,30029.4258
875,"Racing Socks, L",SO-R809-L,White,1,8.99,8.99,5217,30029.4258
875,"Racing Socks, L",SO-R809-L,White,18,4.9445,89.001,5217,30029.4258
875,"Racing Socks, L",SO-R809-L,White,4,5.394,21.576,5217,30029.4258
875,"Racing Socks, L",SO-R809-L,White,4,5.394,21.576,5217,30029.4258
875,"Racing Socks, L",SO-R809-L,White,8,5.394,43.152,5217,30029.4258
875,"Racing Socks, L",SO-R809-L,White,2,5.394,10.788,5217,30029.4258
875,"Racing Socks, L",SO-R809-L,White,13,5.2142,67.7846,5217,30029.4258
875,"Racing Socks, L",SO-R809-L,White,3,5.394,16.182,5217,30029.4258
875,"Racing Socks, L",SO-R809-L,White,15,4.9445,74.1675,5217,30029.4258
875,"Racing Socks, L",SO-R809-L,White,12,5.2142,62.5704,5217,30029.4258
875,"Racing Socks, L",SO-R809-L,White,3,5.394,16.182,5217,30029.4258
875,"Racing Socks, L",SO-R809-L,White,2,5.394,10.788,5217,30029.4258
875,"Racing Socks, L",SO-R809-L,White,3,5.394,16.182,5217,30029.4258
875,"Racing Socks, L",SO-R809-L,White,11,5.2142,57.3562,5217,30029.4258
875,"Racing Socks, L",SO-R809-L,White,1,8.99,8.99,5217,30029.4258
875,"Racing Socks, L",SO-R809-L,White,1,8.99,8.99,5217,30029.4258
875,"Racing Socks, L",SO-R809-L,White,1,8.99,8.99,5217,30029.4258
875,"Racing Socks, L",SO-R809-L,White,1,8.99,8.99,5217,30029.4258
875,"Racing Socks, L",SO-R809-L,White,1,8.99,8.99,5217,30029.4258
875,"Racing Socks, L",SO-R809-L,White,1,8.99,8.99,5217,30029.4258
875,"Racing Socks, L",SO-R809-L,White,1,8.99,8.99,5217,30029.4258
875,"Racing Socks, L",SO-R809-L,White,1,8.99,8.99,5217,30029.4258
875,"Racing Socks, L",SO-R809-L,White,1,8.99,8.99,5217,30029.4258
875,"Racing Socks, L",SO-R809-L,White,1,8.99,8.99,5217,30029.4258
875,"Racing Socks, L",SO-R809-L,White,1,8.99,8.99,5217,30029.4258
875,"Racing Socks, L",SO-R809-L,White,1,8.99,8.99,5217,30029.4258
875,"Racing Socks, L",SO-R809-L,White,1,8.99,8.99,5217,30029.4258
875,"Racing Socks, L",SO-R809-L,White,1,8.99,8.99,5217,30029.4258
875,"Racing Socks, L",SO-R809-L,White,1,8.99,8.99,5217,30029.4258
875,"Racing Socks, L",SO-R809-L,White,1,8.99,8.99,5217,30029.4258
875,"Racing Socks, L",SO-R809-L,White,1,8.99,8.99,5217,30029.4258
875,"Racing Socks, L",SO-R809-L,White,1,8.99,8.99,5217,30029.4258
875,"Racing Socks, L",SO-R809-L,White,1,8.99,8.99,5217,30029.4258
875,"Racing Socks, L",SO-R809-L,White,1,8.99,8.99,5217,30029.4258
875,"Racing Socks, L",SO-R809-L,White,1,8.99,8.99,5217,30029.4258
875,"Racing Socks, L",SO-R809-L,White,1,8.99,8.99,5217,30029.4258
875,"Racing Socks, L",SO-R809-L,White,4,5.394,21.576,5217,30029.4258
875,"Racing Socks, L",SO-R809-L,White,3,5.394,16.182,5217,30029.4258
875,"Racing Socks, L",SO-R809-L,White,7,5.394,37.758,5217,30029.4258
875,"Racing Socks, L",SO-R809-L,White,11,5.2142,57.3562,5217,30029.4258
875,"Racing Socks, L",SO-R809-L,White,2,5.394,10.788,5217,30029.4258
875,"Racing Socks, L",SO-R809-L,White,4,5.394,21.576,5217,30029.4258
875,"Racing Socks, L",SO-R809-L,White,9,5.394,48.546,5217,30029.4258
875,"Racing Socks, L",SO-R809-L,White,18,4.9445,89.001,5217,30029.4258
875,"Racing Socks, L",SO-R809-L,White,4,5.394,21.576,5217,30029.4258
875,"Racing Socks, L",SO-R809-L,White,8,5.394,43.152,5217,30029.4258
875,"Racing Socks, L",SO-R809-L,White,7,5.394,37.758,5217,30029.4258
875,"Racing Socks, L",SO-R809-L,White,7,5.394,37.758,5217,30029.4258
875,"Racing Socks, L",SO-R809-L,White,2,5.394,10.788,5217,30029.4258
875,"Racing Socks, L",SO-R809-L,White,4,5.394,21.576,5217,30029.4258
875,"Racing Socks, L",SO-R809-L,White,2,5.394,10.788,5217,30029.4258
875,"Racing Socks, L",SO-R809-L,White,1,5.394,5.394,5217,30029.4258
875,"Racing Socks, L",SO-R809-L,White,2,5.394,10.788,5217,30029.4258
875,"Racing Socks, L",SO-R809-L,White,6,5.394,32.364,5217,30029.4258
875,"Racing Socks, L",SO-R809-L,White,1,5.394,5.394,5217,30029.4258
875,"Racing Socks, L",SO-R809-L,White,2,5.394,10.788,5217,30029.4258
875,"Racing Socks, L",SO-R809-L,White,2,5.394,10.788,5217,30029.4258
875,"Racing Socks, L",SO-R809-L,White,2,5.394,10.788,5217,30029.4258
875,"Racing Socks, L",SO-R809-L,White,12,5.2142,62.5704,5217,30029.4258
875,"Racing Socks, L",SO-R809-L,White,3,5.394,16.182,5217,30029.4258
875,"Racing Socks, L",SO-R809-L,White,1,5.394,5.394,5217,30029.4258
875,"Racing Socks, L",SO-R809-L,White,4,5.394,21.576,5217,30029.4258
875,"Racing Socks, L",SO-R809-L,White,1,8.99,8.99,5217,30029.4258
875,"Racing Socks, L",SO-R809-L,White,5,5.394,26.97,5217,30029.4258
875,"Racing Socks, L",SO-R809-L,White,1,8.99,8.99,5217,30029.4258
875,"Racing Socks, L",SO-R809-L,White,1,8.99,8.99,5217,30029.4258
875,"Racing Socks, L",SO-R809-L,White,1,8.99,8.99,5217,30029.4258
875,"Racing Socks, L",SO-R809-L,White,1,8.99,8.99,5217,30029.4258
875,"Racing Socks, L",SO-R809-L,White,1,8.99,8.99,5217,30029.4258
875,"Racing Socks, L",SO-R809-L,White,1,8.99,8.99,5217,30029.4258
875,"Racing Socks, L",SO-R809-L,White,1,8.99,8.99,5217,30029.4258
875,"Racing Socks, L",SO-R809-L,White,1,8.99,8.99,5217,30029.4258
875,"Racing Socks, L",SO-R809-L,White,1,8.99,8.99,5217,30029.4258
875,"Racing Socks, L",SO-R809-L,White,1,8.99,8.99,5217,30029.4258
875,"Racing Socks, L",SO-R809-L,White,1,8.99,8.99,5217,30029.4258
875,"Racing Socks, L",SO-R809-L,White,1,8.99,8.99,5217,30029.4258
875,"Racing Socks, L",SO-R809-L,White,1,8.99,8.99,5217,30029.4258
875,"Racing Socks, L",SO-R809-L,White,1,8.99,8.99,5217,30029.4258
875,"Racing Socks, L",SO-R809-L,White,1,8.99,8.99,5217,30029.4258
875,"Racing Socks, L",SO-R809-L,White,1,8.99,8.99,5217,30029.4258
875,"Racing Socks, L",SO-R809-L,White,2,5.394,10.788,5217,30029.4258
875,"Racing Socks, L",SO-R809-L,White,6,5.394,32.364,5217,30029.4258
875,"Racing Socks, L",SO-R809-L,White,10,5.394,53.94,5217,30029.4258
875,"Racing Socks, L",SO-R809-L,White,1,5.394,5.394,5217,30029.4258
875,"Racing Socks, L",SO-R809-L,White,1,8.99,8.99,5217,30029.4258
875,"Racing Socks, L",SO-R809-L,White,1,8.99,8.99,5217,30029.4258
875,"Racing Socks, L",SO-R809-L,White,10,5.394,53.94,5217,30029.4258
875,"Racing Socks, L",SO-R809-L,White,10,5.394,53.94,5217,30029.4258
875,"Racing Socks, L",SO-R809-L,White,6,5.394,32.364,5217,30029.4258
875,"Racing Socks, L",SO-R809-L,White,4,5.394,21.576,5217,30029.4258
875,"Racing Socks, L",SO-R809-L,White,1,5.394,5.394,5217,30029.4258
875,"Racing Socks, L",SO-R809-L,White,2,5.394,10.788,5217,30029.4258
875,"Racing Socks, L",SO-R809-L,White,9,5.394,48.546,5217,30029.4258
875,"Racing Socks, L",SO-R809-L,White,4,5.394,21.576,5217,30029.4258
875,"Racing Socks, L",SO-R809-L,White,6,5.394,32.364,5217,30029.4258
875,"Racing Socks, L",SO-R809-L,White,4,5.394,21.576,5217,30029.4258
875,"Racing Socks, L",SO-R809-L,White,8,5.394,43.152,5217,30029.4258
875,"Racing Socks, L",SO-R809-L,White,6,5.394,32.364,5217,30029.4258
875,"Racing Socks, L",SO-R809-L,White,10,5.394,53.94,5217,30029.4258
875,"Racing Socks, L",SO-R809-L,White,5,5.394,26.97,5217,30029.4258
875,"Racing Socks, L",SO-R809-L,White,5,5.394,26.97,5217,30029.4258
875,"Racing Socks, L",SO-R809-L,White,3,5.394,16.182,5217,30029.4258
875,"Racing Socks, L",SO-R809-L,White,6,5.394,32.364,5217,30029.4258
875,"Racing Socks, L",SO-R809-L,White,2,5.394,10.788,5217,30029.4258
875,"Racing Socks, L",SO-R809-L,White,2,5.394,10.788,5217,30029.4258
875,"Racing Socks, L",SO-R809-L,White,2,5.394,10.788,5217,30029.4258
875,"Racing Socks, L",SO-R809-L,White,6,5.394,32.364,5217,30029.4258
875,"Racing Socks, L",SO-R809-L,White,2,5.394,10.788,5217,30029.4258
875,"Racing Socks, L",SO-R809-L,White,4,5.394,21.576,5217,30029.4258
875,"Racing Socks, L",SO-R809-L,White,2,5.394,10.788,5217,30029.4258
875,"Racing Socks, L",SO-R809-L,White,4,5.394,21.576,5217,30029.4258
875,"Racing Socks, L",SO-R809-L,White,2,5.394,10.788,5217,30029.4258
875,"Racing Socks, L",SO-R809-L,White,11,5.2142,57.3562,5217,30029.4258
875,"Racing Socks, L",SO-R809-L,White,2,5.394,10.788,5217,30029.4258
875,"Racing Socks, L",SO-R809-L,White,1,8.99,8.99,5217,30029.4258
875,"Racing Socks, L",SO-R809-L,White,1,8.99,8.99,5217,30029.4258
875,"Racing Socks, L",SO-R809-L,White,1,8.99,8.99,5217,30029.4258
875,"Racing Socks, L",SO-R809-L,White,1,8.99,8.99,5217,30029.4258
875,"Racing Socks, L",SO-R809-L,White,1,8.99,8.99,5217,30029.4258
875,"Racing Socks, L",SO-R809-L,White,1,8.99,8.99,5217,30029.4258
875,"Racing Socks, L",SO-R809-L,White,1,8.99,8.99,5217,30029.4258
875,"Racing Socks, L",SO-R809-L,White,1,8.99,8.99,5217,30029.4258
875,"Racing Socks, L",SO-R809-L,White,1,8.99,8.99,5217,30029.4258
875,"Racing Socks, L",SO-R809-L,White,1,8.99,8.99,5217,30029.4258
875,"Racing Socks, L",SO-R809-L,White,1,8.99,8.99,5217,30029.4258
875,"Racing Socks, L",SO-R809-L,White,1,8.99,8.99,5217,30029.4258
875,"Racing Socks, L",SO-R809-L,White,1,8.99,8.99,5217,30029.4258
875,"Racing Socks, L",SO-R809-L,White,1,8.99,8.99,5217,30029.4258
875,"Racing Socks, L",SO-R809-L,White,2,5.394,10.788,5217,30029.4258
875,"Racing Socks, L",SO-R809-L,White,1,8.99,8.99,5217,30029.4258
875,"Racing Socks, L",SO-R809-L,White,1,8.99,8.99,5217,30029.4258
875,"Racing Socks, L",SO-R809-L,White,1,8.99,8.99,5217,30029.4258
875,"Racing Socks, L",SO-R809-L,White,1,8.99,8.99,5217,30029.4258
875,"Racing Socks, L",SO-R809-L,White,1,8.99,8.99,5217,30029.4258
875,"Racing Socks, L",SO-R809-L,White,1,8.99,8.99,5217,30029.4258
875,"Racing Socks, L",SO-R809-L,White,1,8.99,8.99,5217,30029.4258
875,"Racing Socks, L",SO-R809-L,White,3,5.394,16.182,5217,30029.4258
875,"Racing Socks, L",SO-R809-L,White,1,5.394,5.394,5217,30029.4258
875,"Racing Socks, L",SO-R809-L,White,3,5.394,16.182,5217,30029.4258
875,"Racing Socks, L",SO-R809-L,White,4,5.394,21.576,5217,30029.4258
875,"Racing Socks, L",SO-R809-L,White,10,5.394,53.94,5217,30029.4258
875,"Racing Socks, L",SO-R809-L,White,7,5.394,37.758,5217,30029.4258
875,"Racing Socks, L",SO-R809-L,White,1,5.394,5.394,5217,30029.4258
875,"Racing Socks, L",SO-R809-L,White,6,5.394,32.364,5217,30029.4258
875,"Racing Socks, L",SO-R809-L,White,1,5.394,5.394,5217,30029.4258
875,"Racing Socks, L",SO-R809-L,White,4,5.394,21.576,5217,30029.4258
875,"Racing Socks, L",SO-R809-L,White,8,5.394,43.152,5217,30029.4258
875,"Racing Socks, L",SO-R809-L,White,13,5.2142,67.7846,5217,30029.4258
875,"Racing Socks, L",SO-R809-L,White,3,5.394,16.182,5217,30029.4258
875,"Racing Socks, L",SO-R809-L,White,12,5.2142,62.5704,5217,30029.4258
875,"Racing Socks, L",SO-R809-L,White,1,8.99,8.99,5217,30029.4258
875,"Racing Socks, L",SO-R809-L,White,1,8.99,8.99,5217,30029.4258
875,"Racing Socks, L",SO-R809-L,White,7,5.394,37.758,5217,30029.4258
875,"Racing Socks, L",SO-R809-L,White,2,5.394,10.788,5217,30029.4258
875,"Racing Socks, L",SO-R809-L,White,2,5.394,10.788,5217,30029.4258
875,"Racing Socks, L",SO-R809-L,White,4,5.394,21.576,5217,30029.4258
875,"Racing Socks, L",SO-R809-L,White,1,8.99,8.99,5217,30029.4258
875,"Racing Socks, L",SO-R809-L,White,1,8.99,8.99,5217,30029.4258
875,"Racing Socks, L",SO-R809-L,White,1,8.99,8.99,5217,30029.4258
875,"Racing Socks, L",SO-R809-L,White,1,8.99,8.99,5217,30029.4258
875,"Racing Socks, L",SO-R809-L,White,1,8.99,8.99,5217,30029.4258
875,"Racing Socks, L",SO-R809-L,White,1,8.99,8.99,5217,30029.4258
875,"Racing Socks, L",SO-R809-L,White,1,8.99,8.99,5217,30029.4258
875,"Racing Socks, L",SO-R809-L,White,1,8.99,8.99,5217,30029.4258
875,"Racing Socks, L",SO-R809-L,White,1,8.99,8.99,5217,30029.4258
875,"Racing Socks, L",SO-R809-L,White,1,8.99,8.99,5217,30029.4258
875,"Racing Socks, L",SO-R809-L,White,1,8.99,8.99,5217,30029.4258
875,"Racing Socks, L",SO-R809-L,White,1,8.99,8.99,5217,30029.4258
875,"Racing Socks, L",SO-R809-L,White,1,8.99,8.99,5217,30029.4258
875,"Racing Socks, L",SO-R809-L,White,1,8.99,8.99,5217,30029.4258
875,"Racing Socks, L",SO-R809-L,White,1,8.99,8.99,5217,30029.4258
875,"Racing Socks, L",SO-R809-L,White,1,8.99,8.99,5217,30029.4258
875,"Racing Socks, L",SO-R809-L,White,1,8.99,8.99,5217,30029.4258
875,"Racing Socks, L",SO-R809-L,White,1,8.99,8.99,5217,30029.4258
875,"Racing Socks, L",SO-R809-L,White,2,5.394,10.788,5217,30029.4258
875,"Racing Socks, L",SO-R809-L,White,11,5.2142,57.3562,5217,30029.4258
875,"Racing Socks, L",SO-R809-L,White,8,5.394,43.152,5217,30029.4258
875,"Racing Socks, L",SO-R809-L,White,3,5.394,16.182,5217,30029.4258
875,"Racing Socks, L",SO-R809-L,White,15,4.9445,74.1675,5217,30029.4258
875,"Racing Socks, L",SO-R809-L,White,3,5.394,16.182,5217,30029.4258
875,"Racing Socks, L",SO-R809-L,White,7,5.394,37.758,5217,30029.4258
875,"Racing Socks, L",SO-R809-L,White,8,5.394,43.152,5217,30029.4258
875,"Racing Socks, L",SO-R809-L,White,17,4.9445,84.0565,5217,30029.4258
875,"Racing Socks, L",SO-R809-L,White,9,5.394,48.546,5217,30029.4258
875,"Racing Socks, L",SO-R809-L,White,9,5.394,48.546,5217,30029.4258
875,"Racing Socks, L",SO-R809-L,White,6,5.394,32.364,5217,30029.4258
875,"Racing Socks, L",SO-R809-L,White,8,5.394,43.152,5217,30029.4258
875,"Racing Socks, L",SO-R809-L,White,19,4.9445,93.9455,5217,30029.4258
875,"Racing Socks, L",SO-R809-L,White,11,5.2142,57.3562,5217,30029.4258
875,"Racing Socks, L",SO-R809-L,White,3,5.394,16.182,5217,30029.4258
875,"Racing Socks, L",SO-R809-L,White,7,5.394,37.758,5217,30029.4258
875,"Racing Socks, L",SO-R809-L,White,6,5.394,32.364,5217,30029.4258
875,"Racing Socks, L",SO-R809-L,White,2,5.394,10.788,5217,30029.4258
875,"Racing Socks, L",SO-R809-L,White,2,5.394,10.788,5217,30029.4258
875,"Racing Socks, L",SO-R809-L,White,6,5.394,32.364,5217,30029.4258
875,"Racing Socks, L",SO-R809-L,White,2,5.394,10.788,5217,30029.4258
875,"Racing Socks, L",SO-R809-L,White,3,5.394,16.182,5217,30029.4258
875,"Racing Socks, L",SO-R809-L,White,7,5.394,37.758,5217,30029.4258
875,"Racing Socks, L",SO-R809-L,White,1,8.99,8.99,5217,30029.4258
875,"Racing Socks, L",SO-R809-L,White,5,5.394,26.97,5217,30029.4258
875,"Racing Socks, L",SO-R809-L,White,1,8.99,8.99,5217,30029.4258
875,"Racing Socks, L",SO-R809-L,White,1,8.99,8.99,5217,30029.4258
875,"Racing Socks, L",SO-R809-L,White,1,8.99,8.99,5217,30029.4258
875,"Racing Socks, L",SO-R809-L,White,1,8.99,8.99,5217,30029.4258
875,"Racing Socks, L",SO-R809-L,White,1,8.99,8.99,5217,30029.4258
875,"Racing Socks, L",SO-R809-L,White,1,8.99,8.99,5217,30029.4258
875,"Racing Socks, L",SO-R809-L,White,1,8.99,8.99,5217,30029.4258
875,"Racing Socks, L",SO-R809-L,White,1,8.99,8.99,5217,30029.4258
875,"Racing Socks, L",SO-R809-L,White,1,8.99,8.99,5217,30029.4258
875,"Racing Socks, L",SO-R809-L,White,1,8.99,8.99,5217,30029.4258
875,"Racing Socks, L",SO-R809-L,White,1,8.99,8.99,5217,30029.4258
875,"Racing Socks, L",SO-R809-L,White,1,8.99,8.99,5217,30029.4258
875,"Racing Socks, L",SO-R809-L,White,1,8.99,8.99,5217,30029.4258
875,"Racing Socks, L",SO-R809-L,White,1,8.99,8.99,5217,30029.4258
875,"Racing Socks, L",SO-R809-L,White,1,8.99,8.99,5217,30029.4258
875,"Racing Socks, L",SO-R809-L,White,1,8.99,8.99,5217,30029.4258
875,"Racing Socks, L",SO-R809-L,White,1,8.99,8.99,5217,30029.4258
875,"Racing Socks, L",SO-R809-L,White,1,8.99,8.99,5217,30029.4258
875,"Racing Socks, L",SO-R809-L,White,1,8.99,8.99,5217,30029.4258
875,"Racing Socks, L",SO-R809-L,White,6,5.394,32.364,5217,30029.4258
875,"Racing Socks, L",SO-R809-L,White,7,5.394,37.758,5217,30029.4258
875,"Racing Socks, L",SO-R809-L,White,14,5.2142,72.9988,5217,30029.4258
875,"Racing Socks, L",SO-R809-L,White,4,5.394,21.576,5217,30029.4258
875,"Racing Socks, L",SO-R809-L,White,9,5.394,48.546,5217,30029.4258
875,"Racing Socks, L",SO-R809-L,White,1,5.394,5.394,5217,30029.4258
875,"Racing Socks, L",SO-R809-L,White,10,5.394,53.94,5217,30029.4258
875,"Racing Socks, L",SO-R809-L,White,4,5.394,21.576,5217,30029.4258
875,"Racing Socks, L",SO-R809-L,White,18,4.9445,89.001,5217,30029.4258
875,"Racing Socks, L",SO-R809-L,White,8,5.394,43.152,5217,30029.4258
875,"Racing Socks, L",SO-R809-L,White,11,5.2142,57.3562,5217,30029.4258
875,"Racing Socks, L",SO-R809-L,White,6,5.394,32.364,5217,30029.4258
875,"Racing Socks, L",SO-R809-L,White,11,5.2142,57.3562,5217,30029.4258
875,"Racing Socks, L",SO-R809-L,White,5,5.394,26.97,5217,30029.4258
875,"Racing Socks, L",SO-R809-L,White,3,5.394,16.182,5217,30029.4258
875,"Racing Socks, L",SO-R809-L,White,9,5.394,48.546,5217,30029.4258
875,"Racing Socks, L",SO-R809-L,White,2,5.394,10.788,5217,30029.4258
875,"Racing Socks, L",SO-R809-L,White,8,5.394,43.152,5217,30029.4258
875,"Racing Socks, L",SO-R809-L,White,3,5.394,16.182,5217,30029.4258
875,"Racing Socks, L",SO-R809-L,White,6,5.394,32.364,5217,30029.4258
875,"Racing Socks, L",SO-R809-L,White,8,5.394,43.152,5217,30029.4258
875,"Racing Socks, L",SO-R809-L,White,6,5.394,32.364,5217,30029.4258
875,"Racing Socks, L",SO-R809-L,White,3,5.394,16.182,5217,30029.4258
875,"Racing Socks, L",SO-R809-L,White,1,5.394,5.394,5217,30029.4258
875,"Racing Socks, L",SO-R809-L,White,3,5.394,16.182,5217,30029.4258
875,"Racing Socks, L",SO-R809-L,White,21,4.9445,103.8345,5217,30029.4258
875,"Racing Socks, L",SO-R809-L,White,5,5.394,26.97,5217,30029.4258
875,"Racing Socks, L",SO-R809-L,White,7,5.394,37.758,5217,30029.4258
875,"Racing Socks, L",SO-R809-L,White,3,5.394,16.182,5217,30029.4258
875,"Racing Socks, L",SO-R809-L,White,3,5.394,16.182,5217,30029.4258
875,"Racing Socks, L",SO-R809-L,White,3,5.394,16.182,5217,30029.4258
875,"Racing Socks, L",SO-R809-L,White,18,4.9445,89.001,5217,30029.4258
875,"Racing Socks, L",SO-R809-L,White,5,5.394,26.97,5217,30029.4258
875,"Racing Socks, L",SO-R809-L,White,1,8.99,8.99,5217,30029.4258
875,"Racing Socks, L",SO-R809-L,White,1,8.99,8.99,5217,30029.4258
875,"Racing Socks, L",SO-R809-L,White,1,8.99,8.99,5217,30029.4258
875,"Racing Socks, L",SO-R809-L,White,1,8.99,8.99,5217,30029.4258
875,"Racing Socks, L",SO-R809-L,White,1,8.99,8.99,5217,30029.4258
875,"Racing Socks, L",SO-R809-L,White,1,8.99,8.99,5217,30029.4258
875,"Racing Socks, L",SO-R809-L,White,1,8.99,8.99,5217,30029.4258
875,"Racing Socks, L",SO-R809-L,White,1,8.99,8.99,5217,30029.4258
875,"Racing Socks, L",SO-R809-L,White,1,8.99,8.99,5217,30029.4258
875,"Racing Socks, L",SO-R809-L,White,1,8.99,8.99,5217,30029.4258
875,"Racing Socks, L",SO-R809-L,White,1,8.99,8.99,5217,30029.4258
875,"Racing Socks, L",SO-R809-L,White,1,8.99,8.99,5217,30029.4258
875,"Racing Socks, L",SO-R809-L,White,1,8.99,8.99,5217,30029.4258
875,"Racing Socks, L",SO-R809-L,White,4,5.394,21.576,5217,30029.4258
875,"Racing Socks, L",SO-R809-L,White,4,5.394,21.576,5217,30029.4258
875,"Racing Socks, L",SO-R809-L,White,5,5.394,26.97,5217,30029.4258
875,"Racing Socks, L",SO-R809-L,White,1,8.99,8.99,5217,30029.4258
875,"Racing Socks, L",SO-R809-L,White,1,8.99,8.99,5217,30029.4258
875,"Racing Socks, L",SO-R809-L,White,1,8.99,8.99,5217,30029.4258
875,"Racing Socks, L",SO-R809-L,White,1,8.99,8.99,5217,30029.4258
875,"Racing Socks, L",SO-R809-L,White,1,8.99,8.99,5217,30029.4258
875,"Racing Socks, L",SO-R809-L,White,1,8.99,8.99,5217,30029.4258
875,"Racing Socks, L",SO-R809-L,White,1,8.99,8.99,5217,30029.4258
875,"Racing Socks, L",SO-R809-L,White,1,8.99,8.99,5217,30029.4258
875,"Racing Socks, L",SO-R809-L,White,1,8.99,8.99,5217,30029.4258
875,"Racing Socks, L",SO-R809-L,White,1,8.99,8.99,5217,30029.4258
875,"Racing Socks, L",SO-R809-L,White,1,5.394,5.394,5217,30029.4258
875,"Racing Socks, L",SO-R809-L,White,11,5.2142,57.3562,5217,30029.4258
875,"Racing Socks, L",SO-R809-L,White,3,5.394,16.182,5217,30029.4258
875,"Racing Socks, L",SO-R809-L,White,7,5.394,37.758,5217,30029.4258
875,"Racing Socks, L",SO-R809-L,White,6,5.394,32.364,5217,30029.4258
875,"Racing Socks, L",SO-R809-L,White,3,5.394,16.182,5217,30029.4258
875,"Racing Socks, L",SO-R809-L,White,13,5.2142,67.7846,5217,30029.4258
875,"Racing Socks, L",SO-R809-L,White,2,5.394,10.788,5217,30029.4258
875,"Racing Socks, L",SO-R809-L,White,7,5.394,37.758,5217,30029.4258
875,"Racing Socks, L",SO-R809-L,White,7,5.394,37.758,5217,30029.4258
875,"Racing Socks, L",SO-R809-L,White,3,5.394,16.182,5217,30029.4258
875,"Racing Socks, L",SO-R809-L,White,3,5.394,16.182,5217,30029.4258
875,"Racing Socks, L",SO-R809-L,White,27,4.495,121.365,5217,30029.4258
875,"Racing Socks, L",SO-R809-L,White,3,5.394,16.182,5217,30029.4258
875,"Racing Socks, L",SO-R809-L,White,3,5.394,16.182,5217,30029.4258
875,"Racing Socks, L",SO-R809-L,White,7,5.394,37.758,5217,30029.4258
875,"Racing Socks, L",SO-R809-L,White,13,5.2142,67.7846,5217,30029.4258
875,"Racing Socks, L",SO-R809-L,White,3,5.394,16.182,5217,30029.4258
875,"Racing Socks, L",SO-R809-L,White,8,5.394,43.152,5217,30029.4258
875,"Racing Socks, L",SO-R809-L,White,3,5.394,16.182,5217,30029.4258
875,"Racing Socks, L",SO-R809-L,White,1,8.99,8.99,5217,30029.4258
875,"Racing Socks, L",SO-R809-L,White,1,8.99,8.99,5217,30029.4258
875,"Racing Socks, L",SO-R809-L,White,1,8.99,8.99,5217,30029.4258
875,"Racing Socks, L",SO-R809-L,White,1,8.99,8.99,5217,30029.4258
875,"Racing Socks, L",SO-R809-L,White,1,8.99,8.99,5217,30029.4258
875,"Racing Socks, L",SO-R809-L,White,1,8.99,8.99,5217,30029.4258
875,"Racing Socks, L",SO-R809-L,White,1,8.99,8.99,5217,30029.4258
875,"Racing Socks, L",SO-R809-L,White,1,8.99,8.99,5217,30029.4258
875,"Racing Socks, L",SO-R809-L,White,1,8.99,8.99,5217,30029.4258
875,"Racing Socks, L",SO-R809-L,White,1,8.99,8.99,5217,30029.4258
875,"Racing Socks, L",SO-R809-L,White,1,8.99,8.99,5217,30029.4258
875,"Racing Socks, L",SO-R809-L,White,1,8.99,8.99,5217,30029.4258
875,"Racing Socks, L",SO-R809-L,White,1,8.99,8.99,5217,30029.4258
875,"Racing Socks, L",SO-R809-L,White,1,8.99,8.99,5217,30029.4258
875,"Racing Socks, L",SO-R809-L,White,1,8.99,8.99,5217,30029.4258
875,"Racing Socks, L",SO-R809-L,White,1,8.99,8.99,5217,30029.4258
875,"Racing Socks, L",SO-R809-L,White,1,8.99,8.99,5217,30029.4258
875,"Racing Socks, L",SO-R809-L,White,1,8.99,8.99,5217,30029.4258
875,"Racing Socks, L",SO-R809-L,White,1,8.99,8.99,5217,30029.4258
875,"Racing Socks, L",SO-R809-L,White,1,8.99,8.99,5217,30029.4258
875,"Racing Socks, L",SO-R809-L,White,1,8.99,8.99,5217,30029.4258
875,"Racing Socks, L",SO-R809-L,White,1,8.99,8.99,5217,30029.4258
875,"Racing Socks, L",SO-R809-L,White,2,5.394,10.788,5217,30029.4258
875,"Racing Socks, L",SO-R809-L,White,1,8.99,8.99,5217,30029.4258
875,"Racing Socks, L",SO-R809-L,White,1,8.99,8.99,5217,30029.4258
875,"Racing Socks, L",SO-R809-L,White,1,8.99,8.99,5217,30029.4258
875,"Racing Socks, L",SO-R809-L,White,17,4.9445,84.0565,5217,30029.4258
875,"Racing Socks, L",SO-R809-L,White,9,5.394,48.546,5217,30029.4258
875,"Racing Socks, L",SO-R809-L,White,14,5.2142,72.9988,5217,30029.4258
875,"Racing Socks, L",SO-R809-L,White,4,5.394,21.576,5217,30029.4258
875,"Racing Socks, L",SO-R809-L,White,13,5.2142,67.7846,5217,30029.4258
875,"Racing Socks, L",SO-R809-L,White,5,5.394,26.97,5217,30029.4258
875,"Racing Socks, L",SO-R809-L,White,17,4.9445,84.0565,5217,30029.4258
875,"Racing Socks, L",SO-R809-L,White,2,5.394,10.788,5217,30029.4258
875,"Racing Socks, L",SO-R809-L,White,13,5.2142,67.7846,5217,30029.4258
875,"Racing Socks, L",SO-R809-L,White,14,5.2142,72.9988,5217,30029.4258
875,"Racing Socks, L",SO-R809-L,White,4,5.394,21.576,5217,30029.4258
875,"Racing Socks, L",SO-R809-L,White,4,5.394,21.576,5217,30029.4258
875,"Racing Socks, L",SO-R809-L,White,5,5.394,26.97,5217,30029.4258
875,"Racing Socks, L",SO-R809-L,White,5,5.394,26.97,5217,30029.4258
875,"Racing Socks, L",SO-R809-L,White,7,5.394,37.758,5217,30029.4258
875,"Racing Socks, L",SO-R809-L,White,2,5.394,10.788,5217,30029.4258
875,"Racing Socks, L",SO-R809-L,White,22,4.9445,108.779,5217,30029.4258
875,"Racing Socks, L",SO-R809-L,White,12,5.2142,62.5704,5217,30029.4258
875,"Racing Socks, L",SO-R809-L,White,1,5.394,5.394,5217,30029.4258
875,"Racing Socks, L",SO-R809-L,White,8,5.394,43.152,5217,30029.4258
875,"Racing Socks, L",SO-R809-L,White,2,5.394,10.788,5217,30029.4258
875,"Racing Socks, L",SO-R809-L,White,3,5.394,16.182,5217,30029.4258
875,"Racing Socks, L",SO-R809-L,White,3,5.394,16.182,5217,30029.4258
875,"Racing Socks, L",SO-R809-L,White,5,5.394,26.97,5217,30029.4258
875,"Racing Socks, L",SO-R809-L,White,4,5.394,21.576,5217,30029.4258
875,"Racing Socks, L",SO-R809-L,White,13,5.2142,67.7846,5217,30029.4258
875,"Racing Socks, L",SO-R809-L,White,2,5.394,10.788,5217,30029.4258
875,"Racing Socks, L",SO-R809-L,White,1,8.99,8.99,5217,30029.4258
875,"Racing Socks, L",SO-R809-L,White,1,8.99,8.99,5217,30029.4258
875,"Racing Socks, L",SO-R809-L,White,1,8.99,8.99,5217,30029.4258
875,"Racing Socks, L",SO-R809-L,White,4,5.394,21.576,5217,30029.4258
875,"Racing Socks, L",SO-R809-L,White,11,5.2142,57.3562,5217,30029.4258
875,"Racing Socks, L",SO-R809-L,White,1,8.99,8.99,5217,30029.4258
875,"Racing Socks, L",SO-R809-L,White,1,8.99,8.99,5217,30029.4258
875,"Racing Socks, L",SO-R809-L,White,1,8.99,8.99,5217,30029.4258
875,"Racing Socks, L",SO-R809-L,White,1,8.99,8.99,5217,30029.4258
875,"Racing Socks, L",SO-R809-L,White,1,8.99,8.99,5217,30029.4258
875,"Racing Socks, L",SO-R809-L,White,1,8.99,8.99,5217,30029.4258
875,"Racing Socks, L",SO-R809-L,White,1,8.99,8.99,5217,30029.4258
875,"Racing Socks, L",SO-R809-L,White,1,8.99,8.99,5217,30029.4258
875,"Racing Socks, L",SO-R809-L,White,1,8.99,8.99,5217,30029.4258
875,"Racing Socks, L",SO-R809-L,White,1,8.99,8.99,5217,30029.4258
875,"Racing Socks, L",SO-R809-L,White,1,8.99,8.99,5217,30029.4258
875,"Racing Socks, L",SO-R809-L,White,1,8.99,8.99,5217,30029.4258
875,"Racing Socks, L",SO-R809-L,White,1,8.99,8.99,5217,30029.4258
875,"Racing Socks, L",SO-R809-L,White,1,8.99,8.99,5217,30029.4258
875,"Racing Socks, L",SO-R809-L,White,1,8.99,8.99,5217,30029.4258
875,"Racing Socks, L",SO-R809-L,White,1,8.99,8.99,5217,30029.4258
875,"Racing Socks, L",SO-R809-L,White,1,8.99,8.99,5217,30029.4258
875,"Racing Socks, L",SO-R809-L,White,1,8.99,8.99,5217,30029.4258
875,"Racing Socks, L",SO-R809-L,White,1,8.99,8.99,5217,30029.4258
875,"Racing Socks, L",SO-R809-L,White,6,5.394,32.364,5217,30029.4258
875,"Racing Socks, L",SO-R809-L,White,1,5.394,5.394,5217,30029.4258
875,"Racing Socks, L",SO-R809-L,White,24,4.9445,118.668,5217,30029.4258
875,"Racing Socks, L",SO-R809-L,White,1,5.394,5.394,5217,30029.4258
875,"Racing Socks, L",SO-R809-L,White,4,5.394,21.576,5217,30029.4258
875,"Racing Socks, L",SO-R809-L,White,21,4.9445,103.8345,5217,30029.4258
875,"Racing Socks, L",SO-R809-L,White,10,5.394,53.94,5217,30029.4258
875,"Racing Socks, L",SO-R809-L,White,3,5.394,16.182,5217,30029.4258
875,"Racing Socks, L",SO-R809-L,White,19,4.9445,93.9455,5217,30029.4258
875,"Racing Socks, L",SO-R809-L,White,14,5.2142,72.9988,5217,30029.4258
875,"Racing Socks, L",SO-R809-L,White,5,5.394,26.97,5217,30029.4258
875,"Racing Socks, L",SO-R809-L,White,4,5.394,21.576,5217,30029.4258
875,"Racing Socks, L",SO-R809-L,White,6,5.394,32.364,5217,30029.4258
875,"Racing Socks, L",SO-R809-L,White,8,5.394,43.152,5217,30029.4258
875,"Racing Socks, L",SO-R809-L,White,4,5.394,21.576,5217,30029.4258
875,"Racing Socks, L",SO-R809-L,White,12,5.2142,62.5704,5217,30029.4258
875,"Racing Socks, L",SO-R809-L,White,5,5.394,26.97,5217,30029.4258
875,"Racing Socks, L",SO-R809-L,White,3,5.394,16.182,5217,30029.4258
875,"Racing Socks, L",SO-R809-L,White,3,5.394,16.182,5217,30029.4258
875,"Racing Socks, L",SO-R809-L,White,17,4.9445,84.0565,5217,30029.4258
875,"Racing Socks, L",SO-R809-L,White,7,5.394,37.758,5217,30029.4258
875,"Racing Socks, L",SO-R809-L,White,5,5.394,26.97,5217,30029.4258
875,"Racing Socks, L",SO-R809-L,White,13,5.2142,67.7846,5217,30029.4258
875,"Racing Socks, L",SO-R809-L,White,2,5.394,10.788,5217,30029.4258
875,"Racing Socks, L",SO-R809-L,White,20,4.9445,98.89,5217,30029.4258
875,"Racing Socks, L",SO-R809-L,White,3,5.394,16.182,5217,30029.4258
875,"Racing Socks, L",SO-R809-L,White,5,5.394,26.97,5217,30029.4258
875,"Racing Socks, L",SO-R809-L,White,2,5.394,10.788,5217,30029.4258
875,"Racing Socks, L",SO-R809-L,White,19,4.9445,93.9455,5217,30029.4258
875,"Racing Socks, L",SO-R809-L,White,8,5.394,43.152,5217,30029.4258
875,"Racing Socks, L",SO-R809-L,White,13,5.2142,67.7846,5217,30029.4258
875,"Racing Socks, L",SO-R809-L,White,7,5.394,37.758,5217,30029.4258
875,"Racing Socks, L",SO-R809-L,White,10,5.394,53.94,5217,30029.4258
875,"Racing Socks, L",SO-R809-L,White,3,5.394,16.182,5217,30029.4258
875,"Racing Socks, L",SO-R809-L,White,10,5.394,53.94,5217,30029.4258
875,"Racing Socks, L",SO-R809-L,White,4,5.394,21.576,5217,30029.4258
875,"Racing Socks, L",SO-R809-L,White,5,5.394,26.97,5217,30029.4258
875,"Racing Socks, L",SO-R809-L,White,8,5.394,43.152,5217,30029.4258
875,"Racing Socks, L",SO-R809-L,White,3,5.394,16.182,5217,30029.4258
875,"Racing Socks, L",SO-R809-L,White,5,5.394,26.97,5217,30029.4258
875,"Racing Socks, L",SO-R809-L,White,1,8.99,8.99,5217,30029.4258
875,"Racing Socks, L",SO-R809-L,White,1,8.99,8.99,5217,30029.4258
875,"Racing Socks, L",SO-R809-L,White,4,5.394,21.576,5217,30029.4258
875,"Racing Socks, L",SO-R809-L,White,1,8.99,8.99,5217,30029.4258
875,"Racing Socks, L",SO-R809-L,White,1,8.99,8.99,5217,30029.4258
875,"Racing Socks, L",SO-R809-L,White,2,5.394,10.788,5217,30029.4258
875,"Racing Socks, L",SO-R809-L,White,9,5.394,48.546,5217,30029.4258
875,"Racing Socks, L",SO-R809-L,White,7,5.394,37.758,5217,30029.4258
875,"Racing Socks, L",SO-R809-L,White,1,5.394,5.394,5217,30029.4258
875,"Racing Socks, L",SO-R809-L,White,6,5.394,32.364,5217,30029.4258
875,"Racing Socks, L",SO-R809-L,White,2,5.394,10.788,5217,30029.4258
875,"Racing Socks, L",SO-R809-L,White,1,5.394,5.394,5217,30029.4258
875,"Racing Socks, L",SO-R809-L,White,10,5.394,53.94,5217,30029.4258
875,"Racing Socks, L",SO-R809-L,White,5,5.394,26.97,5217,30029.4258
875,"Racing Socks, L",SO-R809-L,White,4,5.394,21.576,5217,30029.4258
875,"Racing Socks, L",SO-R809-L,White,5,5.394,26.97,5217,30029.4258
875,"Racing Socks, L",SO-R809-L,White,6,5.394,32.364,5217,30029.4258
875,"Racing Socks, L",SO-R809-L,White,3,5.394,16.182,5217,30029.4258
875,"Racing Socks, L",SO-R809-L,White,20,4.9445,98.89,5217,30029.4258
875,"Racing Socks, L",SO-R809-L,White,13,5.2142,67.7846,5217,30029.4258
875,"Racing Socks, L",SO-R809-L,White,7,5.394,37.758,5217,30029.4258
875,"Racing Socks, L",SO-R809-L,White,18,4.9445,89.001,5217,30029.4258
875,"Racing Socks, L",SO-R809-L,White,11,5.2142,57.3562,5217,30029.4258
875,"Racing Socks, L",SO-R809-L,White,14,5.2142,72.9988,5217,30029.4258
875,"Racing Socks, L",SO-R809-L,White,2,5.394,10.788,5217,30029.4258
875,"Racing Socks, L",SO-R809-L,White,9,5.394,48.546,5217,30029.4258
875,"Racing Socks, L",SO-R809-L,White,8,5.394,43.152,5217,30029.4258
875,"Racing Socks, L",SO-R809-L,White,9,5.394,48.546,5217,30029.4258
